filename,status,corpus
001-AJSandyIncvJuniorCityInc.md,canonical,esg_corpus_deduped
001-BoardofTrusteesoftheUniversityofIllinoisvMicronTechnologyInc.md,canonical,esg_corpus_deduped
001-BroadcastMusicIncvTexBorderManagementInc.md,canonical,esg_corpus_deduped
001-HollandvWest.md,canonical,esg_corpus_deduped
001-JohnsonvWest.md,canonical,esg_corpus_deduped
001-JohnstonvTwentiethCentury-FoxFilmCorp.md,canonical,esg_corpus_deduped
001-PortervGraftechInternationalLtd.md,canonical,esg_corpus_deduped
001-RandolphvDimensionFilms.md,canonical,esg_corpus_deduped
001-SpencevAmericanAirlinesInc.md,canonical,esg_corpus_deduped
001-TexasPacificLandCorporationvHorizonKineticsLLC.md,canonical,esg_corpus_deduped
002-BianivShowtimeNetworksInc.md,canonical,esg_corpus_deduped
002-Chi-BoyMusicvTowneTavernInc.md,canonical,esg_corpus_deduped
002-DangvSanFranciscoFortyNiners.md,canonical,esg_corpus_deduped
002-EasternShipbuildingGroupIncvUnitedStates.md,canonical,esg_corpus_deduped
002-FostervLee.md,canonical,esg_corpus_deduped
002-MaloleyvWest.md,canonical,esg_corpus_deduped
002-MargaeIncvClearLinkTechnologiesLLC.md,canonical,esg_corpus_deduped
002-QianvZheng.md,canonical,esg_corpus_deduped
003-ChangvNoh.md,canonical,esg_corpus_deduped
003-ComplianceSourceIncvGreenpointMortgFundingInc.md,canonical,esg_corpus_deduped
003-CraigvTargetCorporation.md,canonical,esg_corpus_deduped
003-ESGCapitalPartnersLPvStratos.md,canonical,esg_corpus_deduped
003-InnovationIndustriesLLCvPartnershipsIdentifiedonScheduleA.md,canonical,esg_corpus_deduped
003-InreAvalonSoftwareInc.md,canonical,esg_corpus_deduped
003-LapsleyvAmericanInstituteofCertifiedPublicAccountants.md,canonical,esg_corpus_deduped
003-OleSmokyDistilleryLLCvKingDistillingCoLLC.md,canonical,esg_corpus_deduped
004-AllenvScholasticInc.md,canonical,esg_corpus_deduped
004-BlazonIncvDeLuxeGameCorp.md,canonical,esg_corpus_deduped
004-CentripetalNetworksIncvCiscoSystemsInc.md,canonical,esg_corpus_deduped
004-MicroDataBaseSystemsIncvNellcorPuritan-BennettInc.md,canonical,esg_corpus_deduped
004-SouthernBellTelandTelCovAssociatedTelephoneDirectoryPublishers.md,canonical,esg_corpus_deduped
004-TecnoglassLLCvParedes.md,canonical,esg_corpus_deduped
004-TexasvBlackRockInc.md,canonical,esg_corpus_deduped
004-WinstonAndStrawnLLPvMid-AtlanticArenaLLC.md,canonical,esg_corpus_deduped
005-EuroactividadeSpringGreenvTownofWyomingBdofReview.md,canonical,esg_corpus_deduped
005-GrassivGrassi.md,canonical,esg_corpus_deduped
005-HustlersIncvThomasson.md,canonical,esg_corpus_deduped
005-InreLumenTechnologiesIncSecuritiesLitigationII.md,canonical,esg_corpus_deduped
005-JohnsonControlsIncvRumore.md,canonical,esg_corpus_deduped
005-OwenvCannon.md,canonical,esg_corpus_deduped
005-RonaldLitoffLtdvAmericanExpCo.md,canonical,esg_corpus_deduped
005-TafasvKappos.md,canonical,esg_corpus_deduped
005-VanderbiltUniversityvScholasticInc.md,canonical,esg_corpus_deduped
006-BartonCandyCorpvTellChocolateNoveltiesCorp.md,canonical,esg_corpus_deduped
006-ChamberofCommerceofUnitedStatesvSecuritiesandExchangeCommission.md,canonical,esg_corpus_deduped
006-CollettevMcDonough.md,canonical,esg_corpus_deduped
006-CraigvUMGRecordingsInc.md,canonical,esg_corpus_deduped
006-FacilityGuidelinesInstituteIncvUpCodesInc.md,canonical,esg_corpus_deduped
006-LAPrintexIndustriesIncvAeropostaleInc.md,canonical,esg_corpus_deduped
006-RichmondGlobalCompassFundManagementGPLLCvJussen.md,canonical,esg_corpus_deduped
006-TanoosvState.md,canonical,esg_corpus_deduped
006-UniversalPicturesCovHaroldLloydCorp.md,canonical,esg_corpus_deduped
007-AAndMRecordsIncvNapsterInc.md,canonical,esg_corpus_deduped
007-AshfordvShinseki.md,canonical,esg_corpus_deduped
007-CainvUniversalPicturesCo.md,canonical,esg_corpus_deduped
007-CreeIncvShelterInternationalInc.md,canonical,esg_corpus_deduped
007-FodorvEasternShipbuildingGroup.md,canonical,esg_corpus_deduped
007-StecherLithographicCovDunstonLithographCo.md,canonical,esg_corpus_deduped
007-UtahvWalsh.md,canonical,esg_corpus_deduped
007-YMaxCorpvATAndTIntellectualPropertyIILP.md,canonical,esg_corpus_deduped
008-ABKCOMusicIncvSagan.md,canonical,esg_corpus_deduped
008-HaloCreativeAndDesignLimitedvComptoirDesIndesInc.md,canonical,esg_corpus_deduped
008-HicksvGrimmwayEnterprisesInc.md,canonical,esg_corpus_deduped
008-HoffmanvLeTraunik.md,canonical,esg_corpus_deduped
008-ICexrelSolovskyvDeltaGalilUSA.md,canonical,esg_corpus_deduped
008-NorwestCorpvCIR.md,canonical,esg_corpus_deduped
008-SmithvGuidantGlobalInc.md,canonical,esg_corpus_deduped
009-AllianzGlobalInvestorsGmbHvBankofAmericaCorporation.md,canonical,esg_corpus_deduped
009-BelairvMGAEntertainmentInc.md,canonical,esg_corpus_deduped
009-BrownvStarkka.md,canonical,esg_corpus_deduped
009-CyWakemanIncvNicolePriceConsultingLLC.md,canonical,esg_corpus_deduped
009-DzibelavBlackRockInc.md,canonical,esg_corpus_deduped
009-NewYorkCityPublicPensionFundsvCoupangInc.md,canonical,esg_corpus_deduped
009-RiminiStreetIncvOracleInternationalCorp.md,canonical,esg_corpus_deduped
009-SynventiveMoldingSolutionsIncvHuskyInjectionMoldingSystemsInc.md,canonical,esg_corpus_deduped
009-UnitedStatesvStratos.md,canonical,esg_corpus_deduped
01-FossievWest.md,canonical,esg_corpus_deduped
01-HovervGober.md,canonical,esg_corpus_deduped
01-JohnstonvWest.md,canonical,esg_corpus_deduped
010-AlbertTrostelAndSonsCompanyvNotz.md,canonical,esg_corpus_deduped
010-AmericanNeedleIncvNewOrleansLouisianaSaints.md,canonical,esg_corpus_deduped
010-ArthurvAmericanBroadcastingCompaniesInc.md,canonical,esg_corpus_deduped
010-JonesvCityofDallasTexas.md,canonical,esg_corpus_deduped
010-QuantlabTechnologiesLtdBVIvGodlevsky.md,canonical,esg_corpus_deduped
010-SchonvFrantz.md,canonical,esg_corpus_deduped
010-SkurkaAerospaceIncvEatonAerospaceLLC.md,canonical,esg_corpus_deduped
010-StatevGaleDistributorsInc.md,canonical,esg_corpus_deduped
011-AlbertTrostelAndSonsCovNotz.md,canonical,esg_corpus_deduped
011-BhangalvHawaiianElectricIndustriesInc.md,canonical,esg_corpus_deduped
011-CornerstoneHomeBuildersIncvMcAllister.md,canonical,esg_corpus_deduped
011-dmarcianIncvdmarcianEuropeBV.md,canonical,esg_corpus_deduped
011-InreWellsFargoAndCompanyHiringPracticesDerivativeLitigation.md,canonical,esg_corpus_deduped
011-KBCAssetManagementNVvDiscoverFinancialServices.md,canonical,esg_corpus_deduped
011-LaveryvPursuantHealthInc.md,canonical,esg_corpus_deduped
011-MattelIncvPitt.md,canonical,esg_corpus_deduped
011-SAndSInnovationsCorpvUUSILLC.md,canonical,esg_corpus_deduped
012-DumontvUnitedStatesDepartmentoftheAirForce.md,canonical,esg_corpus_deduped
012-ESGTechnicalServicesLLCvAdvantageHealthSolutionsInc.md,canonical,esg_corpus_deduped
012-FanucchivEnvivaInc.md,canonical,esg_corpus_deduped
012-InreDEISystemsInc.md,canonical,esg_corpus_deduped
012-LaResolanaArchitectsPAvRenoInc.md,canonical,esg_corpus_deduped
012-OBrienvChappelAndCo.md,canonical,esg_corpus_deduped
012-UnitedStatesSecuritiesandExchangeCommissionvRevenHoldingsInc.md,canonical,esg_corpus_deduped
012-WildhawkInvestmentsLLCvBravaIPLLC.md,canonical,esg_corpus_deduped
012-WilliamsElectronicsIncvBallyMfgCorp.md,canonical,esg_corpus_deduped
013-CityofOwensborovKentuckyUtilitiesCo.md,canonical,esg_corpus_deduped
013-eScholarLLCvOtisEducationalSystemsInc.md,canonical,esg_corpus_deduped
013-Kamdem-OuaffovPepsicoInc.md,canonical,esg_corpus_deduped
013-MayvSonyMusicEntertainment.md,canonical,esg_corpus_deduped
013-PendletonvAcuff-RosePublicationsInc.md,canonical,esg_corpus_deduped
013-SantosvKimmel.md,canonical,esg_corpus_deduped
013-ShawvCollins.md,canonical,esg_corpus_deduped
013-USvZambrano.md,canonical,esg_corpus_deduped
014-DahmanvIllinoisDeptofHumanRights.md,canonical,esg_corpus_deduped
014-GlobalCoolingIncvECSagittarBV.md,canonical,esg_corpus_deduped
014-HansonPipeAndProductsIncvBridgeTechnologiesLLC.md,canonical,esg_corpus_deduped
014-HirschvParamountPictures.md,canonical,esg_corpus_deduped
014-LeevPOWEntertainmentInc.md,canonical,esg_corpus_deduped
014-MatterofWelfareofChildofJLG.md,canonical,esg_corpus_deduped
014-NuTechMedicalIncvLiventaBioscienceInc.md,canonical,esg_corpus_deduped
014-WojcikonbehalfofOmegaHealthcareInvestorsIncvOmegaHealthcareInve.md,canonical,esg_corpus_deduped
015-AmericanNeedleIncvNationalFootballLeague.md,canonical,esg_corpus_deduped
015-CabellvSonyPicturesEntertainmentInc.md,canonical,esg_corpus_deduped
015-ColdwellvRitecorpEnvironmentalPropertySolutions.md,canonical,esg_corpus_deduped
015-EMCCorpvSmith.md,canonical,esg_corpus_deduped
015-McArdlevMattelInc.md,canonical,esg_corpus_deduped
015-NextdoorComIncvAbhyanker.md,canonical,esg_corpus_deduped
015-RealsongsUniversalMusicCorpv3ANorthParkAveRestCorp.md,canonical,esg_corpus_deduped
016-AmericanRacingEquipmentIncvWeld.md,canonical,esg_corpus_deduped
016-KellnervTechnicalAssociatesInc.md,canonical,esg_corpus_deduped
016-MillerUKLtdvCaterpillarInc.md,canonical,esg_corpus_deduped
016-PetersvWest.md,canonical,esg_corpus_deduped
016-QQCIncvHewlett-PackardCo.md,canonical,esg_corpus_deduped
016-SegalvJohnson.md,canonical,esg_corpus_deduped
016-WestvBrown.md,canonical,esg_corpus_deduped
017-BridgeportMusicIncvUMGRecordingsInc.md,canonical,esg_corpus_deduped
017-EdibleIPLLCvGoogleLLC.md,canonical,esg_corpus_deduped
017-HaileyvWest.md,canonical,esg_corpus_deduped
017-MurrayvPrincipi.md,canonical,esg_corpus_deduped
017-TaleceIncvZhengZhang.md,canonical,esg_corpus_deduped
017-TetervGlassOnionInc.md,canonical,esg_corpus_deduped
017-UniversalFurnitureInternIncvCollezioneEuropaUSAInc.md,canonical,esg_corpus_deduped
018-InreFuBoTVIncSecuritiesLitigation.md,canonical,esg_corpus_deduped
018-IslandIPAcquisitionsLLCvAntle.md,canonical,esg_corpus_deduped
018-MeridianProjectSystemsIncvHardinConstCoLLC.md,canonical,esg_corpus_deduped
018-RicevFoxBroadcastingCo.md,canonical,esg_corpus_deduped
018-SAMusicLLCvAppleInc.md,canonical,esg_corpus_deduped
018-SEBInvestmentManagementABvWellsFargoAndCompany.md,canonical,esg_corpus_deduped
018-SecuritiesIndustryandFinancialMarketsAssociationvAshcroft.md,canonical,esg_corpus_deduped
018-UnitedStatesvCytogelPharmaLLC.md,canonical,esg_corpus_deduped
019-AbarcaHealthLLCvPharmPixCorp.md,canonical,esg_corpus_deduped
019-CampbellvGECOSGMBH.md,canonical,esg_corpus_deduped
019-DavidsonvUnitedStates.md,canonical,esg_corpus_deduped
019-InreTargetCorpShareholderDerivativeActionLitigation.md,canonical,esg_corpus_deduped
019-MarkeyvVerimatrixInc.md,canonical,esg_corpus_deduped
019-TireEngineeringandDistributionLLCvShandongLinglongRubberCoLtd.md,canonical,esg_corpus_deduped
019-WilliamsCompaniesStockholderLitigation.md,canonical,esg_corpus_deduped
02-DolibervWest.md,canonical,esg_corpus_deduped
02-InreTeligentInc.md,canonical,esg_corpus_deduped
02-MakeUCaGoodNeighborvRegentsofUniversityofCalifornia.md,canonical,esg_corpus_deduped
02-NewYorkvUnitedStatesDepartmentofCommerce.md,canonical,esg_corpus_deduped
020-DaimlervMoehle.md,canonical,esg_corpus_deduped
020-GrinervKing.md,canonical,esg_corpus_deduped
020-MechanicalPlasticsCorpvWWGraingerInc.md,canonical,esg_corpus_deduped
020-SabaCapitalMasterFundLTDvBlackrockESGCapitalAllocationTrust.md,canonical,esg_corpus_deduped
020-SmithvRecrionCorp.md,canonical,esg_corpus_deduped
020-TufAmericaIncvDiamond.md,canonical,esg_corpus_deduped
020-USvPuerto.md,canonical,esg_corpus_deduped
021-FunkyFilmsIncvTimeWarnerEntertainmentCoLP.md,canonical,esg_corpus_deduped
021-InreKLXIncSecuritiesLitigation.md,canonical,esg_corpus_deduped
021-JimOlivePhotographyvUniversityofHoustonSystem.md,canonical,esg_corpus_deduped
021-JRLazaroBuildersIncvRERipbergerBuildersInc.md,canonical,esg_corpus_deduped
021-RichardsvColumbiaBroadcastingSystemInc.md,canonical,esg_corpus_deduped
021-TexasvSecuritiesandExchangeCommission.md,canonical,esg_corpus_deduped
021-XYZCorporationvIndividualsPartnershipsandUnincorporatedAssociation.md,canonical,esg_corpus_deduped
022-BatistevLewis.md,canonical,esg_corpus_deduped
022-SevenOaksMillworkIncvRoyalFoamUSLLC.md,canonical,esg_corpus_deduped
022-StewartvMcDonald.md,canonical,esg_corpus_deduped
022-WaldnervNatixisInvestmentManagersLP.md,canonical,esg_corpus_deduped
022-WestPubCovEdwardThompsonCo.md,canonical,esg_corpus_deduped
022-WhyteMonkeeProductionsLLCvNetflixInc.md,canonical,esg_corpus_deduped
023-CortesvUniversalMusicLatino.md,canonical,esg_corpus_deduped
023-DrennenvOlympusAmericaInc.md,canonical,esg_corpus_deduped
023-EVTransportationServicesIncvMichiganIncomeandPrincipal-ProtectedG.md,canonical,esg_corpus_deduped
023-HugliSuttervPalmasHospitalityManagementLLC.md,canonical,esg_corpus_deduped
023-SabaCapitalMasterFundLtdvClearBridgeEnergyMidstreamOpportunityFu.md,canonical,esg_corpus_deduped
023-ScentsyIncvBRChaseLLC.md,canonical,esg_corpus_deduped
023-SchentagvNebgen.md,canonical,esg_corpus_deduped
023-WildlifeExpCorpvCarolWrightSalesInc.md,canonical,esg_corpus_deduped
024-AsuntovShoup.md,canonical,esg_corpus_deduped
024-BurnsvStratos.md,canonical,esg_corpus_deduped
024-CookeAndMosesLLCvQSS-EngineeredSystemsGroupLLC.md,canonical,esg_corpus_deduped
024-GillmorevIllinoisDeptofHumanServices.md,canonical,esg_corpus_deduped
024-HulexMusicvSanty.md,canonical,esg_corpus_deduped
024-McElroyvCourtneyAjinaEventsLLC.md,canonical,esg_corpus_deduped
024-PPSIncvJewelrySalesRepresentativesInc.md,canonical,esg_corpus_deduped
024-StClairIntellectualPropertyConsultansIncvSamsungElectronicsCoLtd.md,canonical,esg_corpus_deduped
024-TheDetroitEdisonCovBurlingtonNorthernandSantaFeRyCo.md,canonical,esg_corpus_deduped
025-AlfredvWaltDisneyCompany.md,canonical,esg_corpus_deduped
025-AndyWarholFoundationfortheVisualArtsIncvGoldsmith.md,canonical,esg_corpus_deduped
025-AtigeoLLCvJonas.md,canonical,esg_corpus_deduped
025-BeltonvNicholson.md,canonical,esg_corpus_deduped
025-BrainvExecu-SearchGroupLLC.md,canonical,esg_corpus_deduped
025-BurnsvThuney.md,canonical,esg_corpus_deduped
025-ComedicaIncorporatedvHill-RomServicesInc.md,canonical,esg_corpus_deduped
025-LiveFaceonWebLLCvTheControlGroupMediaCompanyInc.md,canonical,esg_corpus_deduped
026-AmericanVisualsCorpvHolland.md,canonical,esg_corpus_deduped
026-AxosFinancialIncvReceptionPurchaserLLC.md,canonical,esg_corpus_deduped
026-InformationExchangeSystemsIncvFirstBankNatAssn.md,canonical,esg_corpus_deduped
026-InternationalDiamondImportersIncvOrientalGemcoNYInc.md,canonical,esg_corpus_deduped
026-LoweryvMills.md,canonical,esg_corpus_deduped
026-MSGWRealEstateFundLLCvMountainLakesBorough.md,canonical,esg_corpus_deduped
026-SelectiveInsuranceCompanyofAmericavSinger.md,canonical,esg_corpus_deduped
026-TicketmasterLLCvRMGTechnologiesInc.md,canonical,esg_corpus_deduped
026-WalshvSearchExplorationInc.md,canonical,esg_corpus_deduped
027-CreativePowerSolutionsvEnergyServicesGroup.md,canonical,esg_corpus_deduped
027-EnvironmentSolutionsAssociatesGroupLLCvConopcoInc.md,canonical,esg_corpus_deduped
027-GalvViacomInternInc.md,canonical,esg_corpus_deduped
027-KeipervVictorValleyTransitAuthority.md,canonical,esg_corpus_deduped
027-LongvDorset.md,canonical,esg_corpus_deduped
027-LynxVenturesLLCvMiller.md,canonical,esg_corpus_deduped
027-McFeevPresley.md,canonical,esg_corpus_deduped
027-MoyavBrown.md,canonical,esg_corpus_deduped
027-TwoPalmsSoftwareIncvWorldwideFreightManagementLLC.md,canonical,esg_corpus_deduped
028-AxiomWorldwideIncvHTRDGroupHongKongLimited.md,canonical,esg_corpus_deduped
028-BuckvDacier.md,canonical,esg_corpus_deduped
028-EliteSupplierGroupIncvDuBois.md,canonical,esg_corpus_deduped
028-ElnessSwensonGrahamArchitectsIncvRLJII-CAustinAirLP.md,canonical,esg_corpus_deduped
028-InreConrad.md,canonical,esg_corpus_deduped
028-MonbovNathan.md,canonical,esg_corpus_deduped
028-NoflesvStateFarmMutAutoInsCo.md,canonical,esg_corpus_deduped
028-WesternGecovIonGeophysicalCorp.md,canonical,esg_corpus_deduped
029-EvolutionMaltaLimitedvLightAndWonderInc.md,canonical,esg_corpus_deduped
029-HartmanvHallmarkCardsInc.md,canonical,esg_corpus_deduped
029-InreAlbarran.md,canonical,esg_corpus_deduped
029-MoorervVerizonCommunicationsInc.md,canonical,esg_corpus_deduped
029-SabaCapitalMasterFundLtdvBlackRockMunicipalIncomeFundInc.md,canonical,esg_corpus_deduped
029-SegalvGeishaNYCLLC.md,canonical,esg_corpus_deduped
029-WhiteParkBaySoftwareLtdvXIDInc.md,canonical,esg_corpus_deduped
03-CityofHialeahEmployeesRetirementSystemvPelotonInteractiveInc.md,canonical,esg_corpus_deduped
03-CityPensionFundforFirefightersandPoliceOfficersinCityofTampaBay.md,canonical,esg_corpus_deduped
03-ESGWattsIncvIllinoisPollutionControlBd.md,canonical,esg_corpus_deduped
03-InreKatrinaCanalBreachesConsolLitigation.md,canonical,esg_corpus_deduped
030-BassettvJensen.md,canonical,esg_corpus_deduped
030-BichlervDEISystemsInc.md,canonical,esg_corpus_deduped
030-BuckvCrescentGardensOperatingCo.md,canonical,esg_corpus_deduped
030-ChromagenVisionLLCvEichenholtz.md,canonical,esg_corpus_deduped
030-EnergyPolicyAdvocatesvSecuritiesandExchangeCommission.md,canonical,esg_corpus_deduped
030-HigginsvBaker.md,canonical,esg_corpus_deduped
030-PerfectSurgicalTechniquesIncvOlympusAmericaInc.md,canonical,esg_corpus_deduped
030-WHAndersonCovBaldwinLawPubCo.md,canonical,esg_corpus_deduped
031-BoothvGober.md,canonical,esg_corpus_deduped
031-ComRentInternLLCvPalatini.md,canonical,esg_corpus_deduped
031-HyperHealingLLCvShapiro.md,canonical,esg_corpus_deduped
031-NavarrovProcterAndGambleCompany.md,canonical,esg_corpus_deduped
031-WardvWest.md,canonical,esg_corpus_deduped
031-WhitevDistroKid.md,canonical,esg_corpus_deduped
031-WildHorseConceptsLLCvHasbroInc.md,canonical,esg_corpus_deduped
032-ChicagoStyleProductionsIncvChicagoSunTimesInc.md,canonical,esg_corpus_deduped
032-HambyvProfileProductsLLC.md,canonical,esg_corpus_deduped
032-IllinoisEnvironmentalProtectionAgencyvIllinoisPollutionControlBd.md,canonical,esg_corpus_deduped
032-KindergartnersCountIncvDemoulin.md,canonical,esg_corpus_deduped
032-KurlanvColumbiaBroadcastingSystem.md,canonical,esg_corpus_deduped
032-Point12DiversifiedFundLPvTMCTheMetalsCompany.md,canonical,esg_corpus_deduped
032-PremierDealerServicesIncvAllegianceAdministratorsLLC.md,canonical,esg_corpus_deduped
032-RobertsvGallery.md,canonical,esg_corpus_deduped
033-BradburyvColumbiaBroadcastingSystemInc.md,canonical,esg_corpus_deduped
033-ColumbiaPicturesTelevisionvKryptonBroadcastingofBirminghamInc.md,canonical,esg_corpus_deduped
033-CountyofWestchestervUSDeptofHousingandUrbanDevelopment.md,canonical,esg_corpus_deduped
033-FlavaWorksIncvA4AReseauInc.md,canonical,esg_corpus_deduped
033-GruganvBBCBrownBoveriInc.md,canonical,esg_corpus_deduped
033-InreIntegraLifesciencesHoldingsCorporationSecuritiesLitigation.md,canonical,esg_corpus_deduped
033-KeaneDealerServicesIncvHarts.md,canonical,esg_corpus_deduped
033-LatimervRoaringToyzInc.md,canonical,esg_corpus_deduped
034-DisneyEnterprisesIncvVidAngelInc.md,canonical,esg_corpus_deduped
034-FlammvWest.md,canonical,esg_corpus_deduped
034-GarciavExecuSearchGroupLLC.md,canonical,esg_corpus_deduped
034-HKMENTERPRISESINCDBAADAPTIVELAUNCHSOLUTIONSPlaintiffvPARSONSGOVE.md,canonical,esg_corpus_deduped
034-MastersonvMcCroskie.md,canonical,esg_corpus_deduped
034-SternvDoes.md,canonical,esg_corpus_deduped
034-WilliamsvGenesisFinancialTechnologiesInc.md,canonical,esg_corpus_deduped
035-CapitolRecordsIncvMP3tunesLLC.md,canonical,esg_corpus_deduped
035-ESGWattsIncvPollutionControlBd.md,canonical,esg_corpus_deduped
035-EstateofHeviavPortrioCorp.md,canonical,esg_corpus_deduped
035-HodisonvWest.md,canonical,esg_corpus_deduped
035-InreExscientiaPLCSecuritiesLitigation.md,canonical,esg_corpus_deduped
035-NorthernMusicCorpvKingRecordDistributingCo.md,canonical,esg_corpus_deduped
035-SailorMusicvMaiKaiofConcordInc.md,canonical,esg_corpus_deduped
035-ScrogginsvScroggins.md,canonical,esg_corpus_deduped
036-Advanta-STARAutomotiveResearchCorporationofAmericavSearchOpticsLL.md,canonical,esg_corpus_deduped
036-CityofDetroitPoliceandFireRetirementSystemonBehalfofNiSourceIn.md,canonical,esg_corpus_deduped
036-DamvKirkeLaShelleCo.md,canonical,esg_corpus_deduped
036-DavillavBrunswick-BalkeCollenderCoofNewYork.md,canonical,esg_corpus_deduped
036-DoodyvPenguinGroupUSAInc.md,canonical,esg_corpus_deduped
036-ESGWattsIncvTheIllinoisPollutionControlBd.md,canonical,esg_corpus_deduped
036-ObergvTwinedgeInc.md,canonical,esg_corpus_deduped
036-OHaraCorpvAutoNavMarineSystemsInc.md,canonical,esg_corpus_deduped
036-RasconvGober.md,canonical,esg_corpus_deduped
037-AdvancedThermalSciencesCorpvAppliedMaterialsInc.md,canonical,esg_corpus_deduped
037-ClairvPhiladelphiaStorageBatteryCo.md,canonical,esg_corpus_deduped
037-GoldbergvCameron.md,canonical,esg_corpus_deduped
037-KumaranvNorthlandEnergyTradingLLC.md,canonical,esg_corpus_deduped
037-NationalCenterforPublicPolicyResearchvSchultz.md,canonical,esg_corpus_deduped
037-ThomasvCarter.md,canonical,esg_corpus_deduped
037-UnitedStatesvJianyuHuang.md,canonical,esg_corpus_deduped
038-AmericanZurichInsuranceCompanyvESGRepublicInc.md,canonical,esg_corpus_deduped
038-FaulknervNationalGeographicSociety.md,canonical,esg_corpus_deduped
038-GeneralMotorsCorpvMaritzInc.md,canonical,esg_corpus_deduped
038-JalbertvGrautski.md,canonical,esg_corpus_deduped
038-PublicAffairsAssociatesIncvRickover.md,canonical,esg_corpus_deduped
038-WarnerBrosEntertainmentIncvXOneXProductions.md,canonical,esg_corpus_deduped
038-WorkCapitalLLCvAlphaOneCapitalPartnersLLC.md,canonical,esg_corpus_deduped
039-AonplcvInfiniteEquityInc.md,canonical,esg_corpus_deduped
039-CookseyvCargillMeatSolutionsCorp.md,canonical,esg_corpus_deduped
039-DetectiveComicsvBrunsPublications.md,canonical,esg_corpus_deduped
039-LearyvManstan.md,canonical,esg_corpus_deduped
039-LessemvTaylor.md,canonical,esg_corpus_deduped
039-MadridvChronicleBooks.md,canonical,esg_corpus_deduped
039-SanAntonioFireandPolicePensionFundvDentsplySironaInc.md,canonical,esg_corpus_deduped
039-SmithvAlphabetInc.md,canonical,esg_corpus_deduped
039-TrytekvDerwinski.md,canonical,esg_corpus_deduped
04-FarnhamvCampariAmericaLLC.md,canonical,esg_corpus_deduped
04-MatterofJurez.md,canonical,esg_corpus_deduped
04-MeevBrown.md,canonical,esg_corpus_deduped
04-SaveOurAccessetcvWatershedConservationAuthority.md,canonical,esg_corpus_deduped
04-UtahvMicone.md,canonical,esg_corpus_deduped
040-AdamsvMcDonough.md,canonical,esg_corpus_deduped
040-AFDChinaIntellectualPropertyLawUSAOfficeIncvAFDChinaIntellect.md,canonical,esg_corpus_deduped
040-HarrisonvLocalOneInternationalUnionofElevatorConstructorsofNewY.md,canonical,esg_corpus_deduped
040-KabehievZoland.md,canonical,esg_corpus_deduped
040-NorthMississippiMedicalCenterIncvQuartizTechnologies.md,canonical,esg_corpus_deduped
040-SpectravestIncvMervynsInc.md,canonical,esg_corpus_deduped
040-STATEOFMISSOURIPlaintiffvSTARBUCKSCORPDefendant.md,canonical,esg_corpus_deduped
040-WeberManufacturingTechnologiesIncvPlasanCarbonCompositesInc.md,canonical,esg_corpus_deduped
041-CleftoftheRockFoundationvWilson.md,canonical,esg_corpus_deduped
041-ClonusAssociatesvDreamworksLLC.md,canonical,esg_corpus_deduped
041-FalkvWest.md,canonical,esg_corpus_deduped
041-Geo-PhysicalMapsIncvToycraftCorp.md,canonical,esg_corpus_deduped
041-Gerlach-BarklowCovMorrisAndBendien.md,canonical,esg_corpus_deduped
041-NationalCenterforPublicPolicyResearchvSecuritiesandExchangeCommi.md,canonical,esg_corpus_deduped
041-SituationManagementSystemsvASPConsultingGroup.md,canonical,esg_corpus_deduped
041-UnitedStatesvHumphrey.md,canonical,esg_corpus_deduped
042-BucherandChristianConsultingIncvNovitexEnterpriseSolutionsInc.md,canonical,esg_corpus_deduped
042-HooksvLockheedMartinSkunkWorks.md,canonical,esg_corpus_deduped
042-InovisionSoftwareSolutionsIncvAutisIngenierosSLU.md,canonical,esg_corpus_deduped
042-MFBFertilityIncvActionCareMobileVeterinaryClinicLLC.md,canonical,esg_corpus_deduped
042-NoveltyTextileMillsIncvJoanFabricsCorp.md,canonical,esg_corpus_deduped
042-RinconDelDiabloMunicipalWaterDistvSanDiegoCountyWaterAuthority.md,canonical,esg_corpus_deduped
042-ShehatavThoseAwesomeGuysSRL.md,canonical,esg_corpus_deduped
042-TeguvVestalDesignAtelierLLC.md,canonical,esg_corpus_deduped
043-AllianceforFairBoardRecruitmentvSecuritiesandExchangeCommission.md,canonical,esg_corpus_deduped
043-AppleComputerIncvMicrosoftCorp.md,canonical,esg_corpus_deduped
043-BasicBooksIncvKinkosGraphicsCorp.md,canonical,esg_corpus_deduped
043-FurievInfowarsLLC.md,canonical,esg_corpus_deduped
043-FussvBensch.md,canonical,esg_corpus_deduped
043-InreAttorneysWhoAreinViolationofJudiciaryLawSection468-a.md,canonical,esg_corpus_deduped
043-JoeHandPromotionsIncvSantana.md,canonical,esg_corpus_deduped
043-MareinersLLCvAnomaticCorporation.md,canonical,esg_corpus_deduped
043-SimmonsvWest.md,canonical,esg_corpus_deduped
044-GreatAmericanDuckRacesIncvIntellectualSolutionsInc.md,canonical,esg_corpus_deduped
044-GreatAmericanEAndSInsuranceCompanyvTheosMedicalSystemsInc.md,canonical,esg_corpus_deduped
044-HorrorIncvMiller.md,canonical,esg_corpus_deduped
044-KenbrookeFabricsIncvHollandFabricsInc.md,canonical,esg_corpus_deduped
044-SkeensvWest.md,canonical,esg_corpus_deduped
044-StClairIntellectualPropertyConsultantsIncvSiemensAG.md,canonical,esg_corpus_deduped
045-BarnettvUS.md,canonical,esg_corpus_deduped
045-EvansvZBNA.md,canonical,esg_corpus_deduped
045-FortgangvPereirasArchitectsUbiquitousLLC.md,canonical,esg_corpus_deduped
045-HalozymeIncvIancu.md,canonical,esg_corpus_deduped
045-InreDMCASubpoenaToRedditInc.md,canonical,esg_corpus_deduped
045-LatourvColumbiaUniversity.md,canonical,esg_corpus_deduped
045-NantasketSoftwareIncvFriedman.md,canonical,esg_corpus_deduped
045-WhaleCoIncvSheinTechnologyLLC.md,canonical,esg_corpus_deduped
046-BatemanvMnemonicsInc.md,canonical,esg_corpus_deduped
046-CBSCorpvUS.md,canonical,esg_corpus_deduped
046-LydenvNikeInc.md,canonical,esg_corpus_deduped
046-MolekuleGroupIncvAuraSmartAirLtd.md,canonical,esg_corpus_deduped
046-Perfect10IncvAmazoncomInc.md,canonical,esg_corpus_deduped
046-UnicityMusicIncvOmniCommunicationsInc.md,canonical,esg_corpus_deduped
047-DesignBasicsLLCvLexingtonHomesInc.md,canonical,esg_corpus_deduped
047-EMIAprilMusicIncvRodriguez.md,canonical,esg_corpus_deduped
047-HandvWest.md,canonical,esg_corpus_deduped
047-HelpatHomeIncvCamEnterprisesLLC.md,canonical,esg_corpus_deduped
047-HolyokeMutInsCoinSalemvVibramUSAInc.md,canonical,esg_corpus_deduped
047-McCollumvTargetCorporation.md,canonical,esg_corpus_deduped
047-WhitevAlconFilmFundLLC.md,canonical,esg_corpus_deduped
048-AtlanticRecordingCorporationvSpinrillaLLC.md,canonical,esg_corpus_deduped
048-BattlevCorizonLLC.md,canonical,esg_corpus_deduped
048-CharlesWRossBuilderIncvOlsenFineHomeBldgLLC.md,canonical,esg_corpus_deduped
048-EdgarHWoodAssociatesIncvSkene.md,canonical,esg_corpus_deduped
048-EireogInnovationsLtdvLenovoGroupLimited.md,canonical,esg_corpus_deduped
048-InreCandMInvestmentsofHighPointInc.md,canonical,esg_corpus_deduped
048-NationalMedicalCareIncvEspiritu.md,canonical,esg_corpus_deduped
048-WilsonvDerwinski.md,canonical,esg_corpus_deduped
049-BodumUSAIncvLifetimeBrandsInc.md,canonical,esg_corpus_deduped
049-ChaunceyvLifeCycleEngineeringInc.md,canonical,esg_corpus_deduped
049-CohenvBrown.md,canonical,esg_corpus_deduped
049-CountyofCookvIllinoisLaborRelationsBdLocalPanel.md,canonical,esg_corpus_deduped
049-InDesignvK-MartApparelCorp.md,canonical,esg_corpus_deduped
049-LeevFisher.md,canonical,esg_corpus_deduped
049-LoewsIncvColumbiaBroadcastingSystem.md,canonical,esg_corpus_deduped
049-PhyllisSchlaflyRevocableTrustvCori.md,canonical,esg_corpus_deduped
05-BoyervWest.md,canonical,esg_corpus_deduped
05-DayvLSICorporation.md,canonical,esg_corpus_deduped
05-McGawMedicalCenterofNorthwesternUniversityvDepartmentofEmployment.md,canonical,esg_corpus_deduped
05-NationalAssnforAdvancementofColoredPeoplevMedicalCenterInc.md,canonical,esg_corpus_deduped
05-StichtingPensioenfondsMetaalenTechniekvVerizonCommunicationsInc.md,canonical,esg_corpus_deduped
050-AmericanMovieClassicsCovTurnerEntertainmentCo.md,canonical,esg_corpus_deduped
050-AustinvPhillipMorrisUSA.md,canonical,esg_corpus_deduped
050-EnvoIncvWalters.md,canonical,esg_corpus_deduped
050-GorianvSpilker.md,canonical,esg_corpus_deduped
050-InreTiktokIncMinorPrivacyLitigation.md,canonical,esg_corpus_deduped
050-PanterraEngineeredPlasticsIncvTransportationSystemSolutionsLLC.md,canonical,esg_corpus_deduped
050-RonaldMayotteAndAssociatesvMGCBldgCo.md,canonical,esg_corpus_deduped
050-SPayIncvStackMediaInc.md,canonical,esg_corpus_deduped
050-VolterraSemiconductorCorpvPrimarionInc.md,canonical,esg_corpus_deduped
051-HawkvReum.md,canonical,esg_corpus_deduped
051-InterfaithCenteronCorporateResponsibilityvUnitedStatesSecuritiesa.md,canonical,esg_corpus_deduped
051-InternationalKorwinCorpvKowalczyk.md,canonical,esg_corpus_deduped
051-LittleMoleMusicvSpikeInvInc.md,canonical,esg_corpus_deduped
051-MullervTwentiethCenturyFoxFilmCorp.md,canonical,esg_corpus_deduped
051-OttovHearstCommunicationsInc.md,canonical,esg_corpus_deduped
052-AlamoTitleCompanyvWFGNationalTitleCompanyofTexasLLC.md,canonical,esg_corpus_deduped
052-CapitolRecordsLLCvReDigiInc.md,canonical,esg_corpus_deduped
052-StericycleIncvCarney.md,canonical,esg_corpus_deduped
052-UnitedStatesvFritsch.md,canonical,esg_corpus_deduped
052-VargasvTranseau.md,canonical,esg_corpus_deduped
052-WestPubCovMeadDataCentInc.md,canonical,esg_corpus_deduped
053-EvansvAutoClubProperty-CasualtyInsCo.md,canonical,esg_corpus_deduped
053-GMACvEliteSportsGroup.md,canonical,esg_corpus_deduped
053-HarneyvSonyPicturesTelevisionInc.md,canonical,esg_corpus_deduped
053-LyonsPartnershipLPvMorrisCostumesInc.md,canonical,esg_corpus_deduped
053-MeansvAmeriquestMortgCo.md,canonical,esg_corpus_deduped
053-MileneMusicIncvGotauco.md,canonical,esg_corpus_deduped
053-MourabitvKlein.md,canonical,esg_corpus_deduped
053-VicAlexanderAndAssociatesvCheyenneNeonSignCo.md,canonical,esg_corpus_deduped
054-BaivCMBExportInfrastructureInvestmentGroup48LP.md,canonical,esg_corpus_deduped
054-HoffmanvImpactConfectionsInc.md,canonical,esg_corpus_deduped
054-ImperialToyCorpvGoffaInternCorp.md,canonical,esg_corpus_deduped
054-KrappvMcCarthy.md,canonical,esg_corpus_deduped
054-MartinOilMarketingLtdvKatzioris.md,canonical,esg_corpus_deduped
054-Perfect10IncvCCBillLLC.md,canonical,esg_corpus_deduped
054-RemickMusicCorpvInterstateHotelCoofNeb.md,canonical,esg_corpus_deduped
055-BriggsvBlomkamp.md,canonical,esg_corpus_deduped
055-EagleForumvPhyllisSchlaflysAmericanEagles.md,canonical,esg_corpus_deduped
055-FolioImpressionsIncvByerCalifornia.md,canonical,esg_corpus_deduped
055-InovaEnergyLLCvPikeCountyLightAndPowerCompany.md,canonical,esg_corpus_deduped
055-ReppvWebber.md,canonical,esg_corpus_deduped
055-SteinbergvColumbiaPicturesIndustriesInc.md,canonical,esg_corpus_deduped
056-AgilysysIncvGordon.md,canonical,esg_corpus_deduped
056-BlendingwellMusicIncvMoor-LawInc.md,canonical,esg_corpus_deduped
056-FuttervParamountPictures.md,canonical,esg_corpus_deduped
056-MMBusinessFormsCorpvUarcoInc.md,canonical,esg_corpus_deduped
056-PlayboyEnterprisesIncvWebbworldInc.md,canonical,esg_corpus_deduped
056-TelemastersIncvVintageClubMasterAssn.md,canonical,esg_corpus_deduped
057-DigitalDreamLabsLLCvLivingTechnologyShenzhenCo.md,canonical,esg_corpus_deduped
057-EverythingDivineIncvOQuinn.md,canonical,esg_corpus_deduped
057-JonesvBlige.md,canonical,esg_corpus_deduped
057-NashvilleSupergroupLLCvBridges.md,canonical,esg_corpus_deduped
057-PettusvEsgrow.md,canonical,esg_corpus_deduped
057-StrategicManagementDecisionsLLCvSalesPerformanceInternationalLLC.md,canonical,esg_corpus_deduped
058-ArthurRutenbergHomesIncvBerger.md,canonical,esg_corpus_deduped
058-CSSIncvHerrington.md,canonical,esg_corpus_deduped
058-KriskovMarvelEntertainmentLLC.md,canonical,esg_corpus_deduped
058-SergeevichvDenisovich.md,canonical,esg_corpus_deduped
058-StrasburgervBlackburneAndSonsRealtyCapitalCorp.md,canonical,esg_corpus_deduped
058-USThrillridesLLCvIntaminAmusementRidesIntCorpEst.md,canonical,esg_corpus_deduped
059-BoissonvBanianLtd.md,canonical,esg_corpus_deduped
059-BrightonTrusteesvTransamericaLifeInsuranceCompany.md,canonical,esg_corpus_deduped
059-CohenvSudlerAndHennesseyLLC.md,canonical,esg_corpus_deduped
059-EPAvPollutionControlBd.md,canonical,esg_corpus_deduped
059-InreVaxartIncSecuritiesLitigation.md,canonical,esg_corpus_deduped
059-JayBlahnikIncvWaterRowerInc.md,canonical,esg_corpus_deduped
059-ManningvBoardofTrusteesofCommunityCollegeDistNo505ParklandCol.md,canonical,esg_corpus_deduped
06-AmcorFlexiblesIncvIllinoisCommerceComn.md,canonical,esg_corpus_deduped
06-CarrollvWest.md,canonical,esg_corpus_deduped
06-MayfieldvBrown.md,canonical,esg_corpus_deduped
06-OkonowskyvGarland.md,canonical,esg_corpus_deduped
06-UtahvSu.md,canonical,esg_corpus_deduped
060-GluckvHeclaMiningCo.md,canonical,esg_corpus_deduped
060-HomeDesignServicesIncvTurnerHeritageHomesInc.md,canonical,esg_corpus_deduped
060-MackvNicholson.md,canonical,esg_corpus_deduped
060-NichollsvTufenkianImportExportVenturesInc.md,canonical,esg_corpus_deduped
060-OracleCorpvDrugLogicInc.md,canonical,esg_corpus_deduped
060-RedwallLiveCorpvESGSecurityInc.md,canonical,esg_corpus_deduped
060-RetractableTechnologiesIncvUnitedStates.md,canonical,esg_corpus_deduped
060-WardvBarnesAndNobleInc.md,canonical,esg_corpus_deduped
061-ChavezvKincaid.md,canonical,esg_corpus_deduped
061-EtereoSpiritsLLCvLing.md,canonical,esg_corpus_deduped
061-OptimisticInvestmentsLLCvKangarooManufacturingIncorporated.md,canonical,esg_corpus_deduped
061-PeterPanFabricsIncvCandyFrocksInc.md,canonical,esg_corpus_deduped
061-RichmondHomesManagementIncvRaintreeInc.md,canonical,esg_corpus_deduped
061-RobecoCapitalGrowthFundsSICAVRobecoGlobalConsumerTrendsvPeloto.md,canonical,esg_corpus_deduped
061-UnitedStatesexrelMeiLingvCityofLosAngeles.md,canonical,esg_corpus_deduped
062-CardwellvORSAInstituteLLC.md,canonical,esg_corpus_deduped
062-KatziorisvMartinOilMarketingLtd.md,canonical,esg_corpus_deduped
062-ShapiroBernsteinAndCovJerryVogelMusicCo.md,canonical,esg_corpus_deduped
062-ShieldsvFederationInternationaledeNatation.md,canonical,esg_corpus_deduped
062-TestavJanssen.md,canonical,esg_corpus_deduped
062-WarnerBros-SevenArtsIncvKalantzakis.md,canonical,esg_corpus_deduped
063-FintechLeadersFundLLCvCogut.md,canonical,esg_corpus_deduped
063-GrossovMiramaxFilmCorp.md,canonical,esg_corpus_deduped
063-HayesvBrown.md,canonical,esg_corpus_deduped
063-InreColoradoAltitudeTrainingLLC.md,canonical,esg_corpus_deduped
063-InreQuadSystemsCorp.md,canonical,esg_corpus_deduped
063-KeyWestHandPrintFabricsIncvSerbinInc.md,canonical,esg_corpus_deduped
063-WeissmannvFreeman.md,canonical,esg_corpus_deduped
064-CastorinavSpikeCableNetworksInc.md,canonical,esg_corpus_deduped
064-CollinsvilleCommunityUnitSchoolDistNo10vRegionalBdofSchoolTrus.md,canonical,esg_corpus_deduped
064-DecorativeAidesCorpIncvStapleSewingAidesCorp.md,canonical,esg_corpus_deduped
064-GilpinvSiebert.md,canonical,esg_corpus_deduped
064-LowrysReportsIncvLeggMasonInc.md,canonical,esg_corpus_deduped
064-SCQuAREInternLtdvBBDOAtlantaInc.md,canonical,esg_corpus_deduped
065-BroadcastMusicIncvMcDadeAndSonsInc.md,canonical,esg_corpus_deduped
065-CengageLearningIncvGoogleLLC.md,canonical,esg_corpus_deduped
065-DenticuraCovNewJerseyStateDentalSoc.md,canonical,esg_corpus_deduped
065-IncatCrowtherAmericaLLCvBirdonAmericaInc.md,canonical,esg_corpus_deduped
065-MazzuvMazzu.md,canonical,esg_corpus_deduped
065-WellsFargoBankNationalAssociationvTransamericaLifeInsuranceCompan.md,canonical,esg_corpus_deduped
066-BerryvHoffman.md,canonical,esg_corpus_deduped
066-EMIAprilMusicIncvWhite.md,canonical,esg_corpus_deduped
066-FinkvGoodson-TodmanEnterprisesLtd.md,canonical,esg_corpus_deduped
066-SocietyofHolyTransfigurationMonasteryIncvGregory.md,canonical,esg_corpus_deduped
066-SystemsUnlimitedIncvCiscoSystemsInc.md,canonical,esg_corpus_deduped
066-WestchestervUSDeptofHousingandUrbanDevelopment.md,canonical,esg_corpus_deduped
067-GeoMetWatchCorpvHall.md,canonical,esg_corpus_deduped
067-JohnWileyAndSonsIncvBookDogBooksLLC.md,canonical,esg_corpus_deduped
067-MidlevelUIncvACIInformationGroup.md,canonical,esg_corpus_deduped
067-ShaikvMurrayCountyCommissioners.md,canonical,esg_corpus_deduped
067-SonyMusicEntertainmentvCoxCommunicationsInc.md,canonical,esg_corpus_deduped
067-TijanivWest.md,canonical,esg_corpus_deduped
067-WozniakvWarnerBrosEntertainmentInc.md,canonical,esg_corpus_deduped
068-BelucaVenturesLLCvEinrideAktiebolag.md,canonical,esg_corpus_deduped
068-InreTM.md,canonical,esg_corpus_deduped
068-LayneChristensenCovBro-TechCorp.md,canonical,esg_corpus_deduped
068-MiTekHoldingsIncvArceEngineeringCoInc.md,canonical,esg_corpus_deduped
068-ProCDIncvZeidenberg.md,canonical,esg_corpus_deduped
068-ThomsonvFloyd.md,canonical,esg_corpus_deduped
068-WilliamsvAAndETelevisionNetworks.md,canonical,esg_corpus_deduped
069-CartervNevadaSystemofHigherEducation.md,canonical,esg_corpus_deduped
069-ClarkvWest.md,canonical,esg_corpus_deduped
069-ForestParkPicturesvUniversalTelevisionNetworkInc.md,canonical,esg_corpus_deduped
069-ManningvMicrosoftInc.md,canonical,esg_corpus_deduped
069-NationalComicsPublicationvFawcettPublications.md,canonical,esg_corpus_deduped
069-RogersvNicholson.md,canonical,esg_corpus_deduped
069-USvWise.md,canonical,esg_corpus_deduped
07-BishopvBrown.md,canonical,esg_corpus_deduped
07-ConcernedAboutTridentvRumsfeld.md,canonical,esg_corpus_deduped
07-MakhloufvTailoredBrandsInc.md,canonical,esg_corpus_deduped
07-ZeichnervNordSecurityInc.md,canonical,esg_corpus_deduped
070-BillcoInternIncvCharlesProductsInc.md,canonical,esg_corpus_deduped
070-ChesapeakeBayFoundationIncvCommonwealthexrelVirginiaStateWaterC.md,canonical,esg_corpus_deduped
070-CranevPoeticProductsLtd.md,canonical,esg_corpus_deduped
070-EnigmaSoftwareGroupUSALLCvBleepingComputerLLC.md,canonical,esg_corpus_deduped
070-HARLEYSVILLEINSURANCECOMPANYetalPlaintiffsvSKMINDUSTRIESINCetal.md,canonical,esg_corpus_deduped
070-LiberatorvWest.md,canonical,esg_corpus_deduped
070-PurohitvLegendPicturesLLC.md,canonical,esg_corpus_deduped
070-SabaCapitalMasterFundLtdvBlackRockESGCapitalAllocationTermTrust.md,canonical,esg_corpus_deduped
070-YurmanDesignIncvPAJInc.md,canonical,esg_corpus_deduped
071-CampbellvUnitedHealthcareInsuranceCompany.md,canonical,esg_corpus_deduped
071-DragonIntellectualPropertyLLCvSiriusXMRadioInc.md,canonical,esg_corpus_deduped
071-EdwardBMarksMusicCorpvBorstMusicPubCo.md,canonical,esg_corpus_deduped
071-MarshallvGalvanoni.md,canonical,esg_corpus_deduped
071-PaySysInternationalIncvAtosSeWorldlineSAAtosITServicesLtd.md,canonical,esg_corpus_deduped
071-SherwoodvTwentiethCentury-FoxFilmCorporation.md,canonical,esg_corpus_deduped
071-TanksleyvDaniels.md,canonical,esg_corpus_deduped
071-VanMilligenvDepartmentofEmploymentSecurity.md,canonical,esg_corpus_deduped
071-WallvWescomCentralCreditUnion.md,canonical,esg_corpus_deduped
072-AtariIncvNorthAmericanPhilipsConsumerElectronicsCorp.md,canonical,esg_corpus_deduped
072-BenAndJerrysHomemadeIncvRodaxDistributorsInc.md,canonical,esg_corpus_deduped
072-ElevateFederalCreditUnionvElevationsCreditUnion.md,canonical,esg_corpus_deduped
072-InreFuboTVIncSecuritiesLitigation.md,canonical,esg_corpus_deduped
072-LicensingDevelopmentGroupIncvFreedman.md,canonical,esg_corpus_deduped
072-StabilevPaulSmithLimited.md,canonical,esg_corpus_deduped
072-UnitedStatesexrelTrochevRapone.md,canonical,esg_corpus_deduped
073-GreenpointMortgFundingIncvFamilyFirstMortgInc.md,canonical,esg_corpus_deduped
073-InreMandel.md,canonical,esg_corpus_deduped
073-OneTwoThreeLLCvTrentham.md,canonical,esg_corpus_deduped
073-ScottvParamountPicturesCorp.md,canonical,esg_corpus_deduped
073-SVBFinancialTrustvFederalDepositInsuranceCorporation.md,canonical,esg_corpus_deduped
073-UnicolorsIncvUrbanOutfittersInc.md,canonical,esg_corpus_deduped
073-WilsonvStateEmployeesRetirementSystemofIllinois.md,canonical,esg_corpus_deduped
074-AuburnUniversityvInternationalBusinessMachinesCorp.md,canonical,esg_corpus_deduped
074-ESGbyhisParentsMSandFGvCollingswoodBdofEduc.md,canonical,esg_corpus_deduped
074-FrossZelnickLehrmanAndZissuPCvGeer.md,canonical,esg_corpus_deduped
074-HartmannvPopcornflixcomLLC.md,canonical,esg_corpus_deduped
074-HendersonvAxiamInc.md,canonical,esg_corpus_deduped
074-WarnerBrosIncvLobsterPotInc.md,canonical,esg_corpus_deduped
075-AprilProductionsIncvGSchirmerInc.md,canonical,esg_corpus_deduped
075-BollingervGober.md,canonical,esg_corpus_deduped
075-CleverCoversIncvSouthwestFloridaStormDefenseLLC.md,canonical,esg_corpus_deduped
075-CohenvGAndMRealtyLP.md,canonical,esg_corpus_deduped
075-KlekasvEMIFilmsInc.md,canonical,esg_corpus_deduped
075-TingleySystemsIncvHealthLinkInc.md,canonical,esg_corpus_deduped
076-AckervKing.md,canonical,esg_corpus_deduped
076-BlueSkyBioLLCvFederalInsCo.md,canonical,esg_corpus_deduped
076-NewParentWorldLLCvTrueToLifeProductionsInc.md,canonical,esg_corpus_deduped
076-NihonKeizaiShimbunIncvComlineBusinessDataInc.md,canonical,esg_corpus_deduped
076-UllimanSchutteConstIncvEmersonProcessManagementPowerAndWaterSol.md,canonical,esg_corpus_deduped
076-ZappavRykodiscInc.md,canonical,esg_corpus_deduped
077-ApothioLLCvKernCounty.md,canonical,esg_corpus_deduped
077-BuckvRusso.md,canonical,esg_corpus_deduped
077-DavisonvCIR.md,canonical,esg_corpus_deduped
077-DeMontijov20thCenturyFoxFilmCorp.md,canonical,esg_corpus_deduped
077-InreGoldenHeavenGroupHoldingsLtdSecuritiesLitigation.md,canonical,esg_corpus_deduped
077-NocoCompanyvMacCalaburInvestmentsLLC.md,canonical,esg_corpus_deduped
077-ParagonComponentSystemsLLCvQualtimInc.md,canonical,esg_corpus_deduped
078-BushvLaggoPropertiesLLC.md,canonical,esg_corpus_deduped
078-DynamicMeasurementGroupIncvUniversityofOregon.md,canonical,esg_corpus_deduped
078-HitachiLtdvTatungCo.md,canonical,esg_corpus_deduped
078-KramervGroundZeroCryptoLLC.md,canonical,esg_corpus_deduped
078-MarcoBicegoSPAvKantis.md,canonical,esg_corpus_deduped
079-AbdinvCBSBroadcastingInc.md,canonical,esg_corpus_deduped
079-AppleIncvMotorolaMobilityInc.md,canonical,esg_corpus_deduped
079-CableVisionIncvKUTVInc.md,canonical,esg_corpus_deduped
079-FormFactorIncvMarTekInc.md,canonical,esg_corpus_deduped
079-McKeownvNicholson.md,canonical,esg_corpus_deduped
079-ODeenvWest.md,canonical,esg_corpus_deduped
079-SkycamIncvBennett.md,canonical,esg_corpus_deduped
079-WheatonFirefightersUnionLocal3706vIllinoisLaborRelationsBdState.md,canonical,esg_corpus_deduped
08-BrittinghamvWest.md,canonical,esg_corpus_deduped
08-InreKatrinaCanalBreachesConsolidatedLitigation.md,canonical,esg_corpus_deduped
08-MondryvSpeedwaySuperamericaLLC.md,canonical,esg_corpus_deduped
08-RoedervIslamicRepublicofIran.md,canonical,esg_corpus_deduped
080-AtlanticRecordingCorpvProjectPlaylistInc.md,canonical,esg_corpus_deduped
080-ColdwellvRiteCorpEnvironmentalPropertySolutions.md,canonical,esg_corpus_deduped
080-DishNetworkLLCvFraifer.md,canonical,esg_corpus_deduped
080-HKMEnterprisesIncvParsonsGovernmentServicesInc.md,canonical,esg_corpus_deduped
080-LiuvFidelityNationalTitleCompany.md,canonical,esg_corpus_deduped
080-USexrelBergevBoardofTrusteesoftheUniversityofAlabama.md,canonical,esg_corpus_deduped
080-WilliamsvGaye.md,canonical,esg_corpus_deduped
081-InreCondemnationbyCityofCoatesville.md,canonical,esg_corpus_deduped
081-LaRosevCombs.md,canonical,esg_corpus_deduped
081-OlsonvTenney.md,canonical,esg_corpus_deduped
081-PalomaResourcesLLCvAxisInsuranceCompany.md,canonical,esg_corpus_deduped
081-TCATelevisionCorpvMcCollum.md,canonical,esg_corpus_deduped
081-VanderArkvHAFCorporation.md,canonical,esg_corpus_deduped
082-B2BCFOPartnersLLCvKaufman.md,canonical,esg_corpus_deduped
082-InreAccessCardiosystemsInc.md,canonical,esg_corpus_deduped
082-InreGGIHoldingsLLC.md,canonical,esg_corpus_deduped
082-LarsonvDorland.md,canonical,esg_corpus_deduped
082-RickettsvCBSCorporations.md,canonical,esg_corpus_deduped
083-ArandavCaribbeanCruiseLineInc.md,canonical,esg_corpus_deduped
083-Inter-CityPressIncvSiegfried.md,canonical,esg_corpus_deduped
083-IrvingIronWorksvKerlowSteelFlooringCo.md,canonical,esg_corpus_deduped
083-MillsMusicvCromwellMusic.md,canonical,esg_corpus_deduped
083-OldnarCorporationvSanyoNorthAmericaCorporation.md,canonical,esg_corpus_deduped
083-PeoplebyJamesvExxonMobilCorporation.md,canonical,esg_corpus_deduped
083-ThimbleberriesIncvCAndFEnterprisesInc.md,canonical,esg_corpus_deduped
084-CountryRoadMusicIncvMP3comInc.md,canonical,esg_corpus_deduped
084-FrinkAmericaIncvChampionRoadMachineryLtd.md,canonical,esg_corpus_deduped
084-InreFrontierCommunicationsCorporation.md,canonical,esg_corpus_deduped
084-JohnsonvFoxx.md,canonical,esg_corpus_deduped
084-NationalAssociationofManufacturersvUnitedStatesSecuritiesandExcha.md,canonical,esg_corpus_deduped
084-PersonsvGober.md,canonical,esg_corpus_deduped
084-ThomasvRJReynoldsTobaccoCo.md,canonical,esg_corpus_deduped
085-ButlervTargetCorp.md,canonical,esg_corpus_deduped
085-JosephsHouseandShelterIncvCityofTroyNY.md,canonical,esg_corpus_deduped
085-PruntevUniversalMusicGroupInc.md,canonical,esg_corpus_deduped
085-SuntrustBankvHoughtonMifflinCo.md,canonical,esg_corpus_deduped
085-TangleIncvAritziaInc.md,canonical,esg_corpus_deduped
085-UnitedStatesvCrescendoBioscienceInc.md,canonical,esg_corpus_deduped
085-WindgateSoftwareLLCvMinnesotaComputersInc.md,canonical,esg_corpus_deduped
085-WrightvOshkoshCorporation.md,canonical,esg_corpus_deduped
086-ACTIncvWorldwideInteractiveNetworkInc.md,canonical,esg_corpus_deduped
086-DeckersOutdoorCorporationvLastBrandInc.md,canonical,esg_corpus_deduped
086-HomeDesignServicesIncvStarwoodConstInc.md,canonical,esg_corpus_deduped
086-NerivMonroe.md,canonical,esg_corpus_deduped
086-RocheMolecularSystemsIncvForesightDiagnosticsInc.md,canonical,esg_corpus_deduped
086-UnitedStatesexrelDietervCityofMilwaukee.md,canonical,esg_corpus_deduped
086-USvMoore.md,canonical,esg_corpus_deduped
087-CourPharmaceuticalsDevelopmentCompanyIncvPhosphorexInc.md,canonical,esg_corpus_deduped
087-CrossKeysPubCoIncvLLBarTLandAndCattleCoInc.md,canonical,esg_corpus_deduped
087-ErhardtvWest.md,canonical,esg_corpus_deduped
087-GuslervFischer.md,canonical,esg_corpus_deduped
087-MajorBobMusicvStubbs.md,canonical,esg_corpus_deduped
087-MartinvCityofIndianapolis.md,canonical,esg_corpus_deduped
088-BritwareConsultingIncvCon-TechManufacturingInc.md,canonical,esg_corpus_deduped
088-GorssMotelsIncvIllenProductsLtd.md,canonical,esg_corpus_deduped
088-InreDavidsonHydrantTechnologiesInc.md,canonical,esg_corpus_deduped
088-InreTransunionDerivativeStockholderLitigation.md,canonical,esg_corpus_deduped
088-MerkosLInyoneiChinuchIncvJohnDoeNos1-25.md,canonical,esg_corpus_deduped
088-MillerStudioIncvPacificImportCo.md,canonical,esg_corpus_deduped
088-PoletvESGSecInc.md,canonical,esg_corpus_deduped
089-ECIMOSLLCvCarrierCorporation.md,canonical,esg_corpus_deduped
089-HassettvHasselbeck.md,canonical,esg_corpus_deduped
089-MartinLutherKingJrCountyvTurner.md,canonical,esg_corpus_deduped
089-PolygramInternPubIncvNevadaTIGInc.md,canonical,esg_corpus_deduped
089-PressPubCovMonroe.md,canonical,esg_corpus_deduped
089-StonevNicholson.md,canonical,esg_corpus_deduped
089-TMTVCorpvMassProductionsInc.md,canonical,esg_corpus_deduped
09-JeffersonWilbertLeeSrvBrownJesseSecretaryofVeteransAffairs.md,canonical,esg_corpus_deduped
09-KellyvBrown.md,canonical,esg_corpus_deduped
09-LiveNationWorldwideIncvSecuraInsurance.md,canonical,esg_corpus_deduped
09-PhysiciansforSocialResponsibility-LosAngelesvUSEPA.md,canonical,esg_corpus_deduped
09-SanchezvWalmartInc.md,canonical,esg_corpus_deduped
090-AmericanCodeCovBensinger.md,canonical,esg_corpus_deduped
090-BaxtervMCAInc.md,canonical,esg_corpus_deduped
090-LotterycomIncvBrier.md,canonical,esg_corpus_deduped
090-NationalCompressorExchangeIncvJoseGarrigaHijoInc.md,canonical,esg_corpus_deduped
090-SuperiorEdgeIncvMonsantoCo.md,canonical,esg_corpus_deduped
091-EliotvGeare-MarstonInc.md,canonical,esg_corpus_deduped
091-LEGOASvBest-LockConstructionToysInc.md,canonical,esg_corpus_deduped
091-RosenvHostingServicesInc.md,canonical,esg_corpus_deduped
091-ServproIntellectualPropertyIncvBlanton.md,canonical,esg_corpus_deduped
092-BuhrkeFamilyRevocableTrustvUSBancorp.md,canonical,esg_corpus_deduped
092-CityPensionFundforFirefightersandPoliceOfficersinCityofTampaBa.md,canonical,esg_corpus_deduped
092-InreISECorporation.md,canonical,esg_corpus_deduped
092-Lang-CorreavDiaz-Carlo.md,canonical,esg_corpus_deduped
092-LFOConnellAssociatesIncvMcgetrick.md,canonical,esg_corpus_deduped
092-NationwideGeneralInsuranceCompanyvLennon.md,canonical,esg_corpus_deduped
092-PruntevUniversalMusicGroup.md,canonical,esg_corpus_deduped
093-MontgomeryvHolland.md,canonical,esg_corpus_deduped
093-NationalFairHousingAlliancevCarson.md,canonical,esg_corpus_deduped
093-OracleUSAIncvRiminiStreetInc.md,canonical,esg_corpus_deduped
093-PetersonvGoldin.md,canonical,esg_corpus_deduped
093-SpaffordvWest.md,canonical,esg_corpus_deduped
093-StClairIntellectualPropertyConsultantsIncvAcerInc.md,canonical,esg_corpus_deduped
093-TwymanvDepartmentofEmploymentSecurity.md,canonical,esg_corpus_deduped
093-VerusPharmaceuticalsIncvAstraZenecaAB.md,canonical,esg_corpus_deduped
094-AricaInstituteIncvPalmer.md,canonical,esg_corpus_deduped
094-InreHolleyPerformanceProductsInc.md,canonical,esg_corpus_deduped
094-McGuckenvNewsweekLLC.md,canonical,esg_corpus_deduped
094-RalphvPipkin.md,canonical,esg_corpus_deduped
094-StokesvMilkChocolateNYCLLC.md,canonical,esg_corpus_deduped
095-EqualEmploymentOpportunityCommissionvEmployerSolutionsGroupLLC.md,canonical,esg_corpus_deduped
095-L1TechnologiesIncvChekanov.md,canonical,esg_corpus_deduped
095-MartinezvTexasStateBdofMedicalExaminers.md,canonical,esg_corpus_deduped
095-McDermottvKalitaMukulCreativeInc.md,canonical,esg_corpus_deduped
095-TalbotsIncvCommissionerofRevenue.md,canonical,esg_corpus_deduped
095-ThreeBoysMusicCorpvBolton.md,canonical,esg_corpus_deduped
095-VanderArkTrusteeofLorraineJVanderArkTrustvVenableLLP.md,canonical,esg_corpus_deduped
096-CognotecServicesLtdvMorganGuarTrustCoofNewYork.md,canonical,esg_corpus_deduped
096-EstesvStrategicResourceSolutionsCorp.md,canonical,esg_corpus_deduped
096-HopeofKentuckyLLCvCameron.md,canonical,esg_corpus_deduped
096-NationalPasteurizedEggsLLCvDavidson.md,canonical,esg_corpus_deduped
096-NuttvNationalInstIncfortheImpofMemory.md,canonical,esg_corpus_deduped
096-UnilocUSAIncvInmagineCorporationLLC.md,canonical,esg_corpus_deduped
096-WasteManagementofIllinoisIncvIllinoisPollutionControlBd.md,canonical,esg_corpus_deduped
097-AllenvCooper.md,canonical,esg_corpus_deduped
097-FlyingPigsLLCvRRAJFranchisingLLC.md,canonical,esg_corpus_deduped
097-HedemanProductsCorpvTap-RiteProductsCorp.md,canonical,esg_corpus_deduped
097-LonasLilEatsLLCvDoorDashInc.md,canonical,esg_corpus_deduped
097-SAPCIncvLotusDevelopmentCorp.md,canonical,esg_corpus_deduped
097-StencilvUnitedStates.md,canonical,esg_corpus_deduped
098-AcecoValvesLLCvNeal.md,canonical,esg_corpus_deduped
098-BeasleyvAveryDennisonCorp.md,canonical,esg_corpus_deduped
098-BlumcraftofPittsburghvNewmanBrosInc.md,canonical,esg_corpus_deduped
098-IntervestConstIncvCanterburyEstateHomesInc.md,canonical,esg_corpus_deduped
098-KidStuffMarketingIncvCreativeConsumerConceptsInc.md,canonical,esg_corpus_deduped
099-InreCollinsAndAikmanCorp.md,canonical,esg_corpus_deduped
099-ISSResearchLLCvFederalInsCo.md,canonical,esg_corpus_deduped
099-KoskiniemivJennings.md,canonical,esg_corpus_deduped
099-Nelson-SalabesIncvMorningsideDevelopmentLLC.md,canonical,esg_corpus_deduped
099-PanhandleEasternPipeLineCovIllinoisEPA.md,canonical,esg_corpus_deduped
099-SpandexHouseIncvHartfordFireInsuranceCompany.md,canonical,esg_corpus_deduped
10-GarlandvChildrensPlaceInc.md,canonical,esg_corpus_deduped
10-MoreauvBrown.md,canonical,esg_corpus_deduped
10-SanFranciscansforLivableNeighborhoodsvCityandCountyofSanFrancisc.md,canonical,esg_corpus_deduped
10-TibblevEdisonIntern.md,canonical,esg_corpus_deduped
10-WojcikonbehalfofOmegaHealthcareInvestorsIncvOmegaHealthcareInves.md,canonical,esg_corpus_deduped
100-BarcroftMediaLtdvCoedMediaGroupLLC.md,canonical,esg_corpus_deduped
100-DorseyvOldSurLifeInsCo.md,canonical,esg_corpus_deduped
100-FinBrandPositioningLLCvTake2DoughProductionsInc.md,canonical,esg_corpus_deduped
100-InreHorvath.md,canonical,esg_corpus_deduped
100-SteelevTurnerBroadcastingSystemInc.md,canonical,esg_corpus_deduped
100-TalipotESGInvestmentsLLCvBulltickFinancialAdvisoryServicesLLC.md,canonical,esg_corpus_deduped
11-FiremensRetirementSystemofStLouisonbehalfofMarriottInternational.md,canonical,esg_corpus_deduped
11-FormanvTriHealthInc.md,canonical,esg_corpus_deduped
11-KahnertvKotick.md,canonical,esg_corpus_deduped
11-LathanvBrinegar.md,canonical,esg_corpus_deduped
12-BurnsvDepartmentofEmploymentSec.md,canonical,esg_corpus_deduped
12-FifthThirdBancorpvDudenhoeffer.md,canonical,esg_corpus_deduped
12-Koppelv4987Corp.md,canonical,esg_corpus_deduped
12-LosAngelesWaterkeepervStateWaterResourcesControlBd.md,canonical,esg_corpus_deduped
13-WileyvESGSecurityInc.md,canonical,esg_corpus_deduped
14-FederationofHillsideandCanyonAssociationsvCityofLosAngeles.md,canonical,esg_corpus_deduped
14-InreON24IncSecuritiesLitigation.md,canonical,esg_corpus_deduped
15-BrownvElementarySchoolDistrict159.md,canonical,esg_corpus_deduped
15-NelsonvUSCitizenshipandImmigrationServices.md,canonical,esg_corpus_deduped
15-WilliamsburgAroundtheBridgeBlockAssnvGiuliani.md,canonical,esg_corpus_deduped
16-AmesvNielsen.md,canonical,esg_corpus_deduped
16-ChengvActivisionBlizzardInc.md,canonical,esg_corpus_deduped
16-NewYorkCityCoalitiontoEndLeadPoisoningIncvVallone.md,canonical,esg_corpus_deduped
16-TexasAntiquitiesCommitteevDallasCountyCommunityCollegeDist.md,canonical,esg_corpus_deduped
17-CityofDavisvColeman.md,canonical,esg_corpus_deduped
17-HarwellvWest.md,canonical,esg_corpus_deduped
17-PerezvVezerIndustrialProfessionalsInc.md,canonical,esg_corpus_deduped
17-SmithvCommonSpiritHealth.md,canonical,esg_corpus_deduped
18-CaliforniaNativePlantSocietyvCityofSantaCruz.md,canonical,esg_corpus_deduped
18-InreHawaiianElectricIndustriesIncStockholderDerivativeLitigation.md,canonical,esg_corpus_deduped
18-InterfaithCenteronCorporateResponsibilityvUnitedStatesSecuritiesan.md,canonical,esg_corpus_deduped
18-VeazeyvBaker.md,canonical,esg_corpus_deduped
19-EstateofDownsvWebster.md,canonical,esg_corpus_deduped
19-InreTargetCorpShareholderClassActionLitigation.md,canonical,esg_corpus_deduped
19-KilakilaOHaleakalavUniversityofHawaiiandDavidLassner.md,canonical,esg_corpus_deduped
19-TheodorevPurecycleTechnologiesInc.md,canonical,esg_corpus_deduped
20-MemingervIllinoisDepartmentofHumanServices.md,canonical,esg_corpus_deduped
20-MorrisAndDicksonCoIncvJonesBrothersCoInc.md,canonical,esg_corpus_deduped
20-ZaryckivBrown.md,canonical,esg_corpus_deduped
21-MallozzivInnovativeIndustrialPropertiesInc.md,canonical,esg_corpus_deduped
21-TellabsIncvMakorIssuesAndRightsLtd.md,canonical,esg_corpus_deduped
23-PeopleexrelRaoulvLincolnLtd.md,canonical,esg_corpus_deduped
24-AmerenTransmissionCompanyofIllinoisvHutchings.md,canonical,esg_corpus_deduped
24-InreMetaMaterialsIncSecuritiesLitigation.md,canonical,esg_corpus_deduped
25-PapishvBoardofCuratorsofUniversityofMissouri.md,canonical,esg_corpus_deduped
26-CampaignforQualityEducationvStateofCalifornia.md,canonical,esg_corpus_deduped
26-PeopleexrelRyanvMcHenryShoresWaterCo.md,canonical,esg_corpus_deduped
27-HandalvInnovativeIndustrialPropertiesInc.md,canonical,esg_corpus_deduped
27-MollvTelesectorResourcesGroupInc.md,canonical,esg_corpus_deduped
27-RandolphCountyBdofEducvAdams.md,canonical,esg_corpus_deduped
28-HowellvMillersvilleUniversityofPennsylvania.md,canonical,esg_corpus_deduped
28-LenkvMonolithicPowerSystemsIncorporated.md,canonical,esg_corpus_deduped
29-EvolutionServicesGroupLLCvCBLRealtySE.md,canonical,esg_corpus_deduped
29-RapoportvAsiaElectronicsHoldingCoInc.md,canonical,esg_corpus_deduped
29-SizemorevPrincipi.md,canonical,esg_corpus_deduped
30-EmeraldCasinoIncvIllinoisGamingBd.md,canonical,esg_corpus_deduped
30-IdeogenicsLLCvUnitedStates.md,canonical,esg_corpus_deduped
30-ParkervGKNNorthAmericaServicesInc.md,canonical,esg_corpus_deduped
31-IllinoisEPAvJerseySanitationCorp.md,canonical,esg_corpus_deduped
31-StatevRiddle.md,canonical,esg_corpus_deduped
32-ConcernedCitizensofTimberchasevMorrisConstructionCo.md,canonical,esg_corpus_deduped
32-ShafervIllinoisWorkersCompensationComn.md,canonical,esg_corpus_deduped
33-LocksmithvChippenhamHosp.md,canonical,esg_corpus_deduped
33-SwepiLPvMoraCountyNM.md,canonical,esg_corpus_deduped
34-DeCarloAndDollIncvOrangeEconomicDevelopmentCorp.md,canonical,esg_corpus_deduped
34-HarbourAntibodiesBVvTeneobioInc.md,canonical,esg_corpus_deduped
34-PennsylvaniaAssociationofRuralandSmallSchoolsvRidge.md,canonical,esg_corpus_deduped
35-ChathamHoldingsVILLCvHermida.md,canonical,esg_corpus_deduped
35-MyersvHasara.md,canonical,esg_corpus_deduped
35-SangamonCountySheriffsDeptvStateHumanRightsComn.md,canonical,esg_corpus_deduped
36-BurkevOxfordHouseofOregonChapterV.md,canonical,esg_corpus_deduped
36-DizogliovBrown.md,canonical,esg_corpus_deduped
37-ThorntonvKrogerCompany.md,canonical,esg_corpus_deduped
38-CommunityLandfillCovIllinoisPollutionControlBd.md,canonical,esg_corpus_deduped
38-HarvardClimateJusticeCoalitionvPresidentandFellowsofHarvardColleg.md,canonical,esg_corpus_deduped
39-MalabedvNorthSlopeBorough.md,canonical,esg_corpus_deduped
39-SimeonevWaltDisneyCompany.md,canonical,esg_corpus_deduped
40-DrummondCompanyIncvCollingsworth.md,canonical,esg_corpus_deduped
40-SgaggiovWeiser.md,canonical,esg_corpus_deduped
41-McRitchievZuckerberg.md,canonical,esg_corpus_deduped
41-WashingtonvUSDepartmentofCommerce.md,canonical,esg_corpus_deduped
42-CommunityLandfillCovPollutionControlBd.md,canonical,esg_corpus_deduped
42-OxfordHouse-CvCityofStLouis.md,canonical,esg_corpus_deduped
43-ThackervTexasAlcoholicBeverageCommission.md,canonical,esg_corpus_deduped
43-TownshipofHaverfordvUpperDarbyZoningHearingBoard.md,canonical,esg_corpus_deduped
43-UnitedCapitalSourceLLCvBenisvy.md,canonical,esg_corpus_deduped
44-LimcacovWynn.md,canonical,esg_corpus_deduped
44-LoneyvScurr.md,canonical,esg_corpus_deduped
44-ToyalAmericaIncvIllinoisPollutionControlBd.md,canonical,esg_corpus_deduped
46-HawaiiexrelTorricervLibertyDialysis-HawaiiLLC.md,canonical,esg_corpus_deduped
46-WexfordScienceandTechnologyLLCvCityofPittsburghZoningBoardofAdj.md,canonical,esg_corpus_deduped
47-CityofMorrisvCommunityLandfillCo.md,canonical,esg_corpus_deduped
47-LosAngelesCityEmployeesRetirementSystemvSanford.md,canonical,esg_corpus_deduped
47-OReillyvTPICAPGlobalMarketsAmericasLLC.md,canonical,esg_corpus_deduped
48-ColevPrincipi.md,canonical,esg_corpus_deduped
48-TrindadevSunnovaEnergyInternationalInc.md,canonical,esg_corpus_deduped
49-ShepherdvGannondale.md,canonical,esg_corpus_deduped
50-BrownriggvDerwinski.md,canonical,esg_corpus_deduped
50-GrayvImperialPacificInternationalCNMILLC.md,canonical,esg_corpus_deduped
50-PauleyvKelly.md,canonical,esg_corpus_deduped
51-GramsvAutozoneInc.md,canonical,esg_corpus_deduped
52-ChicagoTeachersUnionLocal1AmericanFederationofTeachersAFL-CIOvIl.md,canonical,esg_corpus_deduped
52-JeffersonvSouthworth.md,canonical,esg_corpus_deduped
53-InreAbbottLaboratoriesInfantFormulaShareholderDerivativeLitigation.md,canonical,esg_corpus_deduped
53-JonesvMatkin.md,canonical,esg_corpus_deduped
53-ViacomIncvUS.md,canonical,esg_corpus_deduped
54-VogueTyreandRubberCovOfficeofStateFireMarshalofState.md,canonical,esg_corpus_deduped
54-ZykanvWarsawCommunitySchoolCorp.md,canonical,esg_corpus_deduped
55-HallvBoardofEducofChicagoPublicSchoolDist.md,canonical,esg_corpus_deduped
55-SkeenvState.md,canonical,esg_corpus_deduped
55-StateexrelKobachvHarper.md,canonical,esg_corpus_deduped
56-SorentoParentsCommitteeofTenvRegionalBoardofSchoolTrusteesforBo.md,canonical,esg_corpus_deduped
57-HoovervWestVirginiaBdofMedicine.md,canonical,esg_corpus_deduped
57-InreInterestofLC.md,canonical,esg_corpus_deduped
58-BoardofEducofIndianPrairieCommunityUnitSchoolDistNo204vRegiona.md,canonical,esg_corpus_deduped
58-CityofNewarkCityofNewark-DivSewerandWatervWestMilfordTownship.md,canonical,esg_corpus_deduped
58-KobrineLLCvMetzger.md,canonical,esg_corpus_deduped
59-CookCountySheriffsEnforcementAssnvCountyofCook.md,canonical,esg_corpus_deduped
59-GartenTruckingLCvNationalLaborRelationsBoard.md,canonical,esg_corpus_deduped
60-EstateofMorrissettevCommissionerofInternalRevenue.md,canonical,esg_corpus_deduped
60-Martnez-NegrnvCocaColaPuertoRicoBottlers.md,canonical,esg_corpus_deduped
60-PeopleexrelMadiganvIllinoisCommerceComn.md,canonical,esg_corpus_deduped
61-SWEPILPvMoraCountyNM.md,canonical,esg_corpus_deduped
62-DiscreteWirelessIncvColemanTechnologiesInc.md,canonical,esg_corpus_deduped
63-InreNarjisLLC.md,canonical,esg_corpus_deduped
63-MorganvBakerHughesIncorporated.md,canonical,esg_corpus_deduped
64-ConfederatedTribesofGrandRondeCommunityofOregonvJewell.md,canonical,esg_corpus_deduped
65-DelawareansforEducationalOpportunityvCarney.md,canonical,esg_corpus_deduped
65-VeazeyvDoherty.md,canonical,esg_corpus_deduped
66-BarronvIllinoisHumanRightsCommission.md,canonical,esg_corpus_deduped
66-WilliamPennSchoolDistrictvPennsylvaniaDepartmentofEducation.md,canonical,esg_corpus_deduped
67-CostellovCityofBrigantine.md,canonical,esg_corpus_deduped
67-DyjakvHou.md,canonical,esg_corpus_deduped
68-EnSourceInvestmentsLLCvWillis.md,canonical,esg_corpus_deduped
68-StatevBorchardt.md,canonical,esg_corpus_deduped
69-Cruz-GuzmanvState.md,canonical,esg_corpus_deduped
69-JacksonvState.md,canonical,esg_corpus_deduped
70-CampaignforFiscalEquityvState.md,canonical,esg_corpus_deduped
70-SardinvPeople.md,canonical,esg_corpus_deduped
71-HillvFairfaxCountySchoolBd.md,canonical,esg_corpus_deduped
72-OneElevenFoodAndLiquorIncvCityofChicago.md,canonical,esg_corpus_deduped
74-BoardofSuprsofPrinceWilliamCountyvParsons.md,canonical,esg_corpus_deduped
76-AGEdwardsIncvSecretaryofStateDeptofSecuritiesofStateofIll.md,canonical,esg_corpus_deduped
77-BradfordvUniversityCivilServiceMeritBoardofUniversityCivilService.md,canonical,esg_corpus_deduped
78-WaltersvDepartmentofLabor.md,canonical,esg_corpus_deduped
79-BeggsvBoardofEducofMurphysboroCommunityUnitSchoolDistNo186.md,canonical,esg_corpus_deduped
81-JonesvCahokiaUnitSchoolDistNo187.md,canonical,esg_corpus_deduped
83-CignavIllinoisHumanRightsCommission.md,canonical,esg_corpus_deduped
84-CartervHumanRightsCommission.md,canonical,esg_corpus_deduped
85-ThomasvDiener.md,canonical,esg_corpus_deduped
86-MHANYManagementIncvCountyofNassau.md,canonical,esg_corpus_deduped
88-UltschvIllinoisMunRetirementFund.md,canonical,esg_corpus_deduped
90-PeopleexrelMadiganvJTEinoderInc.md,canonical,esg_corpus_deduped
91-PeopleexrelMadiganvPetcoPetroleumCorp.md,canonical,esg_corpus_deduped
92-InreSolarEdgeTechnologiesIncSecuritiesLitigation.md,canonical,esg_corpus_deduped
94-SSvState.md,canonical,esg_corpus_deduped
95-EdwardsvPekinMemorialHospital.md,canonical,esg_corpus_deduped
002-SpencevAmericanAirlinesInc.md,duplicate,esg_corpus_dupes
003-SpencevAmericanAirlinesInc.md,duplicate,esg_corpus_dupes
004-SpencevAmericanAirlinesInc.md,duplicate,esg_corpus_dupes
004-TexasPacificLandCorporationvHorizonKineticsLLC.md,duplicate,esg_corpus_dupes
005-TexasPacificLandCorporationvHorizonKineticsLLC.md,duplicate,esg_corpus_dupes
006-TexasvBlackRockInc.md,duplicate,esg_corpus_dupes
007-SpencevAmericanAirlinesInc.md,duplicate,esg_corpus_dupes
008-CraigvTargetCorporation.md,duplicate,esg_corpus_dupes
008-FodorvEasternShipbuildingGroup.md,duplicate,esg_corpus_dupes
008-UtahvWalsh.md,duplicate,esg_corpus_dupes
009-SpencevAmericanAirlinesInc.md,duplicate,esg_corpus_dupes
01-SpencevAmericanAirlinesInc.md,duplicate,esg_corpus_dupes
01-TexasPacificLandCorporationvHorizonKineticsLLC.md,duplicate,esg_corpus_dupes
010-AllianzGlobalInvestorsGmbHvBankofAmericaCorporation.md,duplicate,esg_corpus_dupes
010-SpencevAmericanAirlinesInc.md,duplicate,esg_corpus_dupes
011-OwenvCannon.md,duplicate,esg_corpus_dupes
012-KahnertvKotick.md,duplicate,esg_corpus_dupes
013-AlbertTrostelAndSonsCovNotz.md,duplicate,esg_corpus_dupes
013-InreLumenTechnologiesIncSecuritiesLitigationII.md,duplicate,esg_corpus_dupes
014-CityofOwensborovKentuckyUtilitiesCo.md,duplicate,esg_corpus_dupes
014-HicksvGrimmwayEnterprisesInc.md,duplicate,esg_corpus_dupes
015-ChangvNoh.md,duplicate,esg_corpus_dupes
015-CraigvTargetCorporation.md,duplicate,esg_corpus_dupes
016-AlbertTrostelAndSonsCovNotz.md,duplicate,esg_corpus_dupes
016-SpencevAmericanAirlinesInc.md,duplicate,esg_corpus_dupes
017-InreWellsFargoAndCompanyHiringPracticesDerivativeLitigation.md,duplicate,esg_corpus_dupes
017-TexasvBlackRockInc.md,duplicate,esg_corpus_dupes
017-WileyvESGSecurityInc.md,duplicate,esg_corpus_dupes
018-DumontvUnitedStatesDepartmentoftheAirForce.md,duplicate,esg_corpus_dupes
018-ESGCapitalPartnersLPvStratos.md,duplicate,esg_corpus_dupes
019-ESGCapitalPartnersLPvStratos.md,duplicate,esg_corpus_dupes
019-HicksvGrimmwayEnterprisesInc.md,duplicate,esg_corpus_dupes
019-WojcikonbehalfofOmegaHealthcareInvestorsIncvOmegaHealthcareInve.md,duplicate,esg_corpus_dupes
02-TexasPacificLandCorporationvHorizonKineticsLLC.md,duplicate,esg_corpus_dupes
020-ChengvActivisionBlizzardInc.md,duplicate,esg_corpus_dupes
020-InreTargetCorpShareholderClassActionLitigation.md,duplicate,esg_corpus_dupes
020-KahnertvKotick.md,duplicate,esg_corpus_dupes
021-FanucchivEnvivaInc.md,duplicate,esg_corpus_dupes
021-FossievWest.md,duplicate,esg_corpus_dupes
021-UnitedStatesvStratos.md,duplicate,esg_corpus_dupes
022-AllianzGlobalInvestorsGmbHvBankofAmericaCorporation.md,duplicate,esg_corpus_dupes
022-BhangalvHawaiianElectricIndustriesInc.md,duplicate,esg_corpus_dupes
022-DolibervWest.md,duplicate,esg_corpus_dupes
022-ESGCapitalPartnersLPvStratos.md,duplicate,esg_corpus_dupes
023-SecuritiesIndustryandFinancialMarketsAssociationvAshcroft.md,duplicate,esg_corpus_dupes
023-SpencevAmericanAirlinesInc.md,duplicate,esg_corpus_dupes
024-WilliamsCompaniesStockholderLitigation.md,duplicate,esg_corpus_dupes
025-FormanvTriHealthInc.md,duplicate,esg_corpus_dupes
025-WaldnervNatixisInvestmentManagersLP.md,duplicate,esg_corpus_dupes
026-SpencevAmericanAirlinesInc.md,duplicate,esg_corpus_dupes
027-LoweryvMills.md,duplicate,esg_corpus_dupes
028-JeffersonWilbertLeeSrvBrownJesseSecretaryofVeteransAffairs.md,duplicate,esg_corpus_dupes
028-StichtingPensioenfondsMetaalenTechniekvVerizonCommunicationsInc.md,duplicate,esg_corpus_dupes
029-BhangalvHawaiianElectricIndustriesInc.md,duplicate,esg_corpus_dupes
029-BurnsvStratos.md,duplicate,esg_corpus_dupes
029-HicksvGrimmwayEnterprisesInc.md,duplicate,esg_corpus_dupes
03-SpencevAmericanAirlinesInc.md,duplicate,esg_corpus_dupes
030-ESGCapitalPartnersLPvStratos.md,duplicate,esg_corpus_dupes
030-InreHawaiianElectricIndustriesIncStockholderDerivativeLitigation.md,duplicate,esg_corpus_dupes
031-BurnsvStratos.md,duplicate,esg_corpus_dupes
031-CookeAndMosesLLCvQSS-EngineeredSystemsGroupLLC.md,duplicate,esg_corpus_dupes
031-TexasvSecuritiesandExchangeCommission.md,duplicate,esg_corpus_dupes
032-KahnertvKotick.md,duplicate,esg_corpus_dupes
032-KBCAssetManagementNVvDiscoverFinancialServices.md,duplicate,esg_corpus_dupes
033-HovervGober.md,duplicate,esg_corpus_dupes
033-InreLumenTechnologiesIncSecuritiesLitigationII.md,duplicate,esg_corpus_dupes
034-KahnertvKotick.md,duplicate,esg_corpus_dupes
034-StichtingPensioenfondsMetaalenTechniekvVerizonCommunicationsInc.md,duplicate,esg_corpus_dupes
034-TanoosvState.md,duplicate,esg_corpus_dupes
035-BoardofTrusteesoftheUniversityofIllinoisvMicronTechnologyInc.md,duplicate,esg_corpus_dupes
035-CityofOwensborovKentuckyUtilitiesCo.md,duplicate,esg_corpus_dupes
036-GarciavExecuSearchGroupLLC.md,duplicate,esg_corpus_dupes
037-ChengvActivisionBlizzardInc.md,duplicate,esg_corpus_dupes
037-ESGWattsIncvPollutionControlBd.md,duplicate,esg_corpus_dupes
037-LenkvMonolithicPowerSystemsIncorporated.md,duplicate,esg_corpus_dupes
038-DzibelavBlackRockInc.md,duplicate,esg_corpus_dupes
038-ESGWattsIncvIllinoisPollutionControlBd.md,duplicate,esg_corpus_dupes
038-SpencevAmericanAirlinesInc.md,duplicate,esg_corpus_dupes
039-ESGWattsIncvIllinoisPollutionControlBd.md,duplicate,esg_corpus_dupes
040-CookeAndMosesLLCvQSS-EngineeredSystemsGroupLLC.md,duplicate,esg_corpus_dupes
040-SkurkaAerospaceIncvEatonAerospaceLLC.md,duplicate,esg_corpus_dupes
041-MakhloufvTailoredBrandsInc.md,duplicate,esg_corpus_dupes
041-PortervGraftechInternationalLtd.md,duplicate,esg_corpus_dupes
042-BurnsvThuney.md,duplicate,esg_corpus_dupes
042-UtahvMicone.md,duplicate,esg_corpus_dupes
043-HooksvLockheedMartinSkunkWorks.md,duplicate,esg_corpus_dupes
044-AllianzGlobalInvestorsGmbHvBankofAmericaCorporation.md,duplicate,esg_corpus_dupes
044-ESGWattsIncvPollutionControlBd.md,duplicate,esg_corpus_dupes
044-SecuritiesIndustryandFinancialMarketsAssociationvAshcroft.md,duplicate,esg_corpus_dupes
044-WardvWest.md,duplicate,esg_corpus_dupes
045-HollandvWest.md,duplicate,esg_corpus_dupes
045-RasconvGober.md,duplicate,esg_corpus_dupes
046-CollettevMcDonough.md,duplicate,esg_corpus_dupes
046-DayvLSICorporation.md,duplicate,esg_corpus_dupes
046-QianvZheng.md,duplicate,esg_corpus_dupes
046-ShafervIllinoisWorkersCompensationComn.md,duplicate,esg_corpus_dupes
047-AllianzGlobalInvestorsGmbHvBankofAmericaCorporation.md,duplicate,esg_corpus_dupes
047-AshfordvShinseki.md,duplicate,esg_corpus_dupes
047-ThorntonvKrogerCompany.md,duplicate,esg_corpus_dupes
048-CountyofWestchestervUSDeptofHousingandUrbanDevelopment.md,duplicate,esg_corpus_dupes
048-SpencevAmericanAirlinesInc.md,duplicate,esg_corpus_dupes
049-InreCandMInvestmentsofHighPointInc.md,duplicate,esg_corpus_dupes
049-UtahvMicone.md,duplicate,esg_corpus_dupes
050-Kamdem-OuaffovPepsicoInc.md,duplicate,esg_corpus_dupes
051-AFDChinaIntellectualPropertyLawUSAOfficeIncvAFDChinaIntellect.md,duplicate,esg_corpus_dupes
051-DzibelavBlackRockInc.md,duplicate,esg_corpus_dupes
051-EasternShipbuildingGroupIncvUnitedStates.md,duplicate,esg_corpus_dupes
051-NationalCenterforPublicPolicyResearchvSecuritiesandExchangeCommi.md,duplicate,esg_corpus_dupes
052-FossievWest.md,duplicate,esg_corpus_dupes
052-InreTargetCorpShareholderDerivativeActionLitigation.md,duplicate,esg_corpus_dupes
052-InterfaithCenteronCorporateResponsibilityvUnitedStatesSecuritiesa.md,duplicate,esg_corpus_dupes
052-WalshvSearchExplorationInc.md,duplicate,esg_corpus_dupes
053-InreTargetCorpShareholderClassActionLitigation.md,duplicate,esg_corpus_dupes
053-StichtingPensioenfondsMetaalenTechniekvVerizonCommunicationsInc.md,duplicate,esg_corpus_dupes
054-CohenvBrown.md,duplicate,esg_corpus_dupes
054-ESGCapitalPartnersLPvStratos.md,duplicate,esg_corpus_dupes
054-HicksvGrimmwayEnterprisesInc.md,duplicate,esg_corpus_dupes
055-AllianzGlobalInvestorsGmbHvBankofAmericaCorporation.md,duplicate,esg_corpus_dupes
055-AshfordvShinseki.md,duplicate,esg_corpus_dupes
055-EasternShipbuildingGroupIncvUnitedStates.md,duplicate,esg_corpus_dupes
055-HaileyvWest.md,duplicate,esg_corpus_dupes
056-CookeAndMosesLLCvQSS-EngineeredSystemsGroupLLC.md,duplicate,esg_corpus_dupes
056-InreKLXIncSecuritiesLitigation.md,duplicate,esg_corpus_dupes
056-LiveNationWorldwideIncvSecuraInsurance.md,duplicate,esg_corpus_dupes
056-Point12DiversifiedFundLPvTMCTheMetalsCompany.md,duplicate,esg_corpus_dupes
057-InreHawaiianElectricIndustriesIncStockholderDerivativeLitigation.md,duplicate,esg_corpus_dupes
057-InreMetaMaterialsIncSecuritiesLitigation.md,duplicate,esg_corpus_dupes
057-MatterofWelfareofChildofJLG.md,duplicate,esg_corpus_dupes
057-WardvWest.md,duplicate,esg_corpus_dupes
058-BeltonvNicholson.md,duplicate,esg_corpus_dupes
058-ColdwellvRitecorpEnvironmentalPropertySolutions.md,duplicate,esg_corpus_dupes
058-HaileyvWest.md,duplicate,esg_corpus_dupes
058-NoflesvStateFarmMutAutoInsCo.md,duplicate,esg_corpus_dupes
059-GoldbergvCameron.md,duplicate,esg_corpus_dupes
059-JeffersonWilbertLeeSrvBrownJesseSecretaryofVeteransAffairs.md,duplicate,esg_corpus_dupes
059-UtahvSu.md,duplicate,esg_corpus_dupes
060-InreIntegraLifesciencesHoldingsCorporationSecuritiesLitigation.md,duplicate,esg_corpus_dupes
060-LosAngelesCityEmployeesRetirementSystemvSanford.md,duplicate,esg_corpus_dupes
061-ESGCapitalPartnersLPvStratos.md,duplicate,esg_corpus_dupes
061-InreHawaiianElectricIndustriesIncStockholderDerivativeLitigation.md,duplicate,esg_corpus_dupes
061-NelsonvUSCitizenshipandImmigrationServices.md,duplicate,esg_corpus_dupes
062-AlbertTrostelAndSonsCompanyvNotz.md,duplicate,esg_corpus_dupes
062-BoothvGober.md,duplicate,esg_corpus_dupes
062-BurnsvStratos.md,duplicate,esg_corpus_dupes
062-PanterraEngineeredPlasticsIncvTransportationSystemSolutionsLLC.md,duplicate,esg_corpus_dupes
063-BurnsvStratos.md,duplicate,esg_corpus_dupes
063-ColdwellvRitecorpEnvironmentalPropertySolutions.md,duplicate,esg_corpus_dupes
063-HollandvWest.md,duplicate,esg_corpus_dupes
064-AllianzGlobalInvestorsGmbHvBankofAmericaCorporation.md,duplicate,esg_corpus_dupes
064-CraigvTargetCorporation.md,duplicate,esg_corpus_dupes
064-DrennenvOlympusAmericaInc.md,duplicate,esg_corpus_dupes
064-JoeHandPromotionsIncvSantana.md,duplicate,esg_corpus_dupes
065-AllianzGlobalInvestorsGmbHvBankofAmericaCorporation.md,duplicate,esg_corpus_dupes
065-CBSCorpvUS.md,duplicate,esg_corpus_dupes
065-ESGWattsIncvIllinoisPollutionControlBd.md,duplicate,esg_corpus_dupes
065-SkeensvWest.md,duplicate,esg_corpus_dupes
066-ESGWattsIncvPollutionControlBd.md,duplicate,esg_corpus_dupes
066-HandvWest.md,duplicate,esg_corpus_dupes
066-InreWellsFargoAndCompanyHiringPracticesDerivativeLitigation.md,duplicate,esg_corpus_dupes
067-DrennenvOlympusAmericaInc.md,duplicate,esg_corpus_dupes
067-ESGWattsIncvPollutionControlBd.md,duplicate,esg_corpus_dupes
067-IllinoisEPAvJerseySanitationCorp.md,duplicate,esg_corpus_dupes
068-CityofOwensborovKentuckyUtilitiesCo.md,duplicate,esg_corpus_dupes
068-HawkvReum.md,duplicate,esg_corpus_dupes
068-HovervGober.md,duplicate,esg_corpus_dupes
069-AmericanZurichInsuranceCompanyvESGRepublicInc.md,duplicate,esg_corpus_dupes
069-BrownvElementarySchoolDistrict159.md,duplicate,esg_corpus_dupes
069-ThorntonvKrogerCompany.md,duplicate,esg_corpus_dupes
07-CraigvTargetCorporation.md,duplicate,esg_corpus_dupes
070-KahnertvKotick.md,duplicate,esg_corpus_dupes
071-EvansvAutoClubProperty-CasualtyInsCo.md,duplicate,esg_corpus_dupes
072-CookseyvCargillMeatSolutionsCorp.md,duplicate,esg_corpus_dupes
072-GMACvEliteSportsGroup.md,duplicate,esg_corpus_dupes
072-MartinOilMarketingLtdvKatzioris.md,duplicate,esg_corpus_dupes
073-MaloleyvWest.md,duplicate,esg_corpus_dupes
073-PettusvEsgrow.md,duplicate,esg_corpus_dupes
073-ZaryckivBrown.md,duplicate,esg_corpus_dupes
074-ChamberofCommerceofUnitedStatesvSecuritiesandExchangeCommission.md,duplicate,esg_corpus_dupes
074-HodisonvWest.md,duplicate,esg_corpus_dupes
074-MackvNicholson.md,duplicate,esg_corpus_dupes
074-ZeichnervNordSecurityInc.md,duplicate,esg_corpus_dupes
075-FossievWest.md,duplicate,esg_corpus_dupes
075-KatziorisvMartinOilMarketingLtd.md,duplicate,esg_corpus_dupes
075-SEBInvestmentManagementABvWellsFargoAndCompany.md,duplicate,esg_corpus_dupes
075-TrytekvDerwinski.md,duplicate,esg_corpus_dupes
076-ClarkvWest.md,duplicate,esg_corpus_dupes
076-EnvoIncvWalters.md,duplicate,esg_corpus_dupes
076-MackvNicholson.md,duplicate,esg_corpus_dupes
076-SizemorevPrincipi.md,duplicate,esg_corpus_dupes
077-BollingervGober.md,duplicate,esg_corpus_dupes
077-MaloleyvWest.md,duplicate,esg_corpus_dupes
077-TijanivWest.md,duplicate,esg_corpus_dupes
078-BollingervGober.md,duplicate,esg_corpus_dupes
078-CleftoftheRockFoundationvWilson.md,duplicate,esg_corpus_dupes
078-RobecoCapitalGrowthFundsSICAVRobecoGlobalConsumerTrendsvPeloto.md,duplicate,esg_corpus_dupes
078-SEBInvestmentManagementABvWellsFargoAndCompany.md,duplicate,esg_corpus_dupes
078-UtahvSu.md,duplicate,esg_corpus_dupes
079-MSGWRealEstateFundLLCvMountainLakesBorough.md,duplicate,esg_corpus_dupes
079-SizemorevPrincipi.md,duplicate,esg_corpus_dupes
08-HicksvGrimmwayEnterprisesInc.md,duplicate,esg_corpus_dupes
080-EireogInnovationsLtdvLenovoGroupLimited.md,duplicate,esg_corpus_dupes
080-ESGWattsIncvPollutionControlBd.md,duplicate,esg_corpus_dupes
080-USvPuerto.md,duplicate,esg_corpus_dupes
081-CollettevMcDonough.md,duplicate,esg_corpus_dupes
081-InterfaithCenteronCorporateResponsibilityvUnitedStatesSecuritiesa.md,duplicate,esg_corpus_dupes
081-LenkvMonolithicPowerSystemsIncorporated.md,duplicate,esg_corpus_dupes
081-WilliamsvGaye.md,duplicate,esg_corpus_dupes
082-BurnsvStratos.md,duplicate,esg_corpus_dupes
082-CommunityLandfillCovIllinoisPollutionControlBd.md,duplicate,esg_corpus_dupes
082-GluckvHeclaMiningCo.md,duplicate,esg_corpus_dupes
082-MondryvSpeedwaySuperamericaLLC.md,duplicate,esg_corpus_dupes
082-OwenvCannon.md,duplicate,esg_corpus_dupes
083-ChengvActivisionBlizzardInc.md,duplicate,esg_corpus_dupes
083-KahnertvKotick.md,duplicate,esg_corpus_dupes
084-AonplcvInfiniteEquityInc.md,duplicate,esg_corpus_dupes
084-NationalCenterforPublicPolicyResearchvSchultz.md,duplicate,esg_corpus_dupes
084-TijanivWest.md,duplicate,esg_corpus_dupes
085-HayesvBrown.md,duplicate,esg_corpus_dupes
085-RasconvGober.md,duplicate,esg_corpus_dupes
086-EnigmaSoftwareGroupUSALLCvBleepingComputerLLC.md,duplicate,esg_corpus_dupes
086-ShaikvMurrayCountyCommissioners.md,duplicate,esg_corpus_dupes
086-TanoosvState.md,duplicate,esg_corpus_dupes
087-CityofDetroitPoliceandFireRetirementSystemonBehalfofNiSourceIn.md,duplicate,esg_corpus_dupes
087-HodisonvWest.md,duplicate,esg_corpus_dupes
087-JohnsonvWest.md,duplicate,esg_corpus_dupes
087-RichmondGlobalCompassFundManagementGPLLCvJussen.md,duplicate,esg_corpus_dupes
088-HicksvGrimmwayEnterprisesInc.md,duplicate,esg_corpus_dupes
088-KeyWestHandPrintFabricsIncvSerbinInc.md,duplicate,esg_corpus_dupes
088-PortervGraftechInternationalLtd.md,duplicate,esg_corpus_dupes
089-InreCondemnationbyCityofCoatesville.md,duplicate,esg_corpus_dupes
089-ODeenvWest.md,duplicate,esg_corpus_dupes
089-VolterraSemiconductorCorpvPrimarionInc.md,duplicate,esg_corpus_dupes
090-AmericanZurichInsuranceCompanyvESGRepublicInc.md,duplicate,esg_corpus_dupes
090-ColdwellvRiteCorpEnvironmentalPropertySolutions.md,duplicate,esg_corpus_dupes
090-ESGCapitalPartnersLPvStratos.md,duplicate,esg_corpus_dupes
090-ESGWattsIncvPollutionControlBd.md,duplicate,esg_corpus_dupes
090-SabaCapitalMasterFundLtdvClearBridgeEnergyMidstreamOpportunityFu.md,duplicate,esg_corpus_dupes
091-BrownvElementarySchoolDistrict159.md,duplicate,esg_corpus_dupes
091-EireogInnovationsLtdvLenovoGroupLimited.md,duplicate,esg_corpus_dupes
091-JohnstonvWest.md,duplicate,esg_corpus_dupes
091-SegalvGeishaNYCLLC.md,duplicate,esg_corpus_dupes
091-SimeonevWaltDisneyCompany.md,duplicate,esg_corpus_dupes
091-TrytekvDerwinski.md,duplicate,esg_corpus_dupes
092-AdamsvMcDonough.md,duplicate,esg_corpus_dupes
092-CohenvBrown.md,duplicate,esg_corpus_dupes
092-InreON24IncSecuritiesLitigation.md,duplicate,esg_corpus_dupes
093-FalkvWest.md,duplicate,esg_corpus_dupes
093-MeevBrown.md,duplicate,esg_corpus_dupes
094-AdamsvMcDonough.md,duplicate,esg_corpus_dupes
094-AonplcvInfiniteEquityInc.md,duplicate,esg_corpus_dupes
094-BoyervWest.md,duplicate,esg_corpus_dupes
094-SimmonsvWest.md,duplicate,esg_corpus_dupes
095-ESGCapitalPartnersLPvStratos.md,duplicate,esg_corpus_dupes
095-HayesvBrown.md,duplicate,esg_corpus_dupes
095-MayfieldvBrown.md,duplicate,esg_corpus_dupes
096-BishopvBrown.md,duplicate,esg_corpus_dupes
096-EvolutionMaltaLimitedvLightAndWonderInc.md,duplicate,esg_corpus_dupes
096-JohnsonvWest.md,duplicate,esg_corpus_dupes
097-BurnsvStratos.md,duplicate,esg_corpus_dupes
097-InreCondemnationbyCityofCoatesville.md,duplicate,esg_corpus_dupes
097-SanAntonioFireandPolicePensionFundvDentsplySironaInc.md,duplicate,esg_corpus_dupes
097-VanderbiltUniversityvScholasticInc.md,duplicate,esg_corpus_dupes
098-ESGWattsIncvIllinoisPollutionControlBd.md,duplicate,esg_corpus_dupes
098-HicksvGrimmwayEnterprisesInc.md,duplicate,esg_corpus_dupes
098-MollvTelesectorResourcesGroupInc.md,duplicate,esg_corpus_dupes
098-SkeensvWest.md,duplicate,esg_corpus_dupes
098-USvZambrano.md,duplicate,esg_corpus_dupes
099-AllianzGlobalInvestorsGmbHvBankofAmericaCorporation.md,duplicate,esg_corpus_dupes
099-BoothvGober.md,duplicate,esg_corpus_dupes
099-CollinsvilleCommunityUnitSchoolDistNo10vRegionalBdofSchoolTrus.md,duplicate,esg_corpus_dupes
099-RoedervIslamicRepublicofIran.md,duplicate,esg_corpus_dupes
100-EnvoIncvWalters.md,duplicate,esg_corpus_dupes
100-KellyvBrown.md,duplicate,esg_corpus_dupes
100-LosAngelesCityEmployeesRetirementSystemvSanford.md,duplicate,esg_corpus_dupes
100-ShieldsvFederationInternationaledeNatation.md,duplicate,esg_corpus_dupes
11-ESGWattsIncvIllinoisPollutionControlBd.md,duplicate,esg_corpus_dupes
12-FarnhamvCampariAmericaLLC.md,duplicate,esg_corpus_dupes
13-DayvLSICorporation.md,duplicate,esg_corpus_dupes
13-FanucchivEnvivaInc.md,duplicate,esg_corpus_dupes
13-HicksvGrimmwayEnterprisesInc.md,duplicate,esg_corpus_dupes
13-LosAngelesWaterkeepervStateWaterResourcesControlBd.md,duplicate,esg_corpus_dupes
14-AlbertTrostelAndSonsCompanyvNotz.md,duplicate,esg_corpus_dupes
14-CarrollvWest.md,duplicate,esg_corpus_dupes
14-HicksvGrimmwayEnterprisesInc.md,duplicate,esg_corpus_dupes
15-CentripetalNetworksIncvCiscoSystemsInc.md,duplicate,esg_corpus_dupes
15-ZeichnervNordSecurityInc.md,duplicate,esg_corpus_dupes
16-LiveNationWorldwideIncvSecuraInsurance.md,duplicate,esg_corpus_dupes
17-MoreauvBrown.md,duplicate,esg_corpus_dupes
18-Koppelv4987Corp.md,duplicate,esg_corpus_dupes
19-AmesvNielsen.md,duplicate,esg_corpus_dupes
20-MakhloufvTailoredBrandsInc.md,duplicate,esg_corpus_dupes
20-PerezvVezerIndustrialProfessionalsInc.md,duplicate,esg_corpus_dupes
21-CarrollvWest.md,duplicate,esg_corpus_dupes
21-InreHawaiianElectricIndustriesIncStockholderDerivativeLitigation.md,duplicate,esg_corpus_dupes
21-StichtingPensioenfondsMetaalenTechniekvVerizonCommunicationsInc.md,duplicate,esg_corpus_dupes
22-ChamberofCommerceofUnitedStatesvSecuritiesandExchangeCommission.md,duplicate,esg_corpus_dupes
22-JonesvCityofDallasTexas.md,duplicate,esg_corpus_dupes
22-KahnertvKotick.md,duplicate,esg_corpus_dupes
22-NewYorkCityPublicPensionFundsvCoupangInc.md,duplicate,esg_corpus_dupes
22-TheodorevPurecycleTechnologiesInc.md,duplicate,esg_corpus_dupes
23-KahnertvKotick.md,duplicate,esg_corpus_dupes
23-MallozzivInnovativeIndustrialPropertiesInc.md,duplicate,esg_corpus_dupes
23-SEBInvestmentManagementABvWellsFargoAndCompany.md,duplicate,esg_corpus_dupes
23-SpencevAmericanAirlinesInc.md,duplicate,esg_corpus_dupes
24-GarlandvChildrensPlaceInc.md,duplicate,esg_corpus_dupes
24-KahnertvKotick.md,duplicate,esg_corpus_dupes
24-SEBInvestmentManagementABvWellsFargoAndCompany.md,duplicate,esg_corpus_dupes
25-GarlandvChildrensPlaceInc.md,duplicate,esg_corpus_dupes
25-MeevBrown.md,duplicate,esg_corpus_dupes
25-SpencevAmericanAirlinesInc.md,duplicate,esg_corpus_dupes
25-TheodorevPurecycleTechnologiesInc.md,duplicate,esg_corpus_dupes
26-CityofOwensborovKentuckyUtilitiesCo.md,duplicate,esg_corpus_dupes
26-RichmondGlobalCompassFundManagementGPLLCvJussen.md,duplicate,esg_corpus_dupes
26-TheodorevPurecycleTechnologiesInc.md,duplicate,esg_corpus_dupes
27-InreTargetCorpShareholderDerivativeActionLitigation.md,duplicate,esg_corpus_dupes
28-NelsonvUSCitizenshipandImmigrationServices.md,duplicate,esg_corpus_dupes
28-TexasvSecuritiesandExchangeCommission.md,duplicate,esg_corpus_dupes
28-WilliamsCompaniesStockholderLitigation.md,duplicate,esg_corpus_dupes
29-NewYorkCityPublicPensionFundsvCoupangInc.md,duplicate,esg_corpus_dupes
29-PortervGraftechInternationalLtd.md,duplicate,esg_corpus_dupes
30-EvolutionServicesGroupLLCvCBLRealtySE.md,duplicate,esg_corpus_dupes
30-InreLumenTechnologiesIncSecuritiesLitigationII.md,duplicate,esg_corpus_dupes
31-IdeogenicsLLCvUnitedStates.md,duplicate,esg_corpus_dupes
31-WojcikonbehalfofOmegaHealthcareInvestorsIncvOmegaHealthcareInves.md,duplicate,esg_corpus_dupes
32-FarnhamvCampariAmericaLLC.md,duplicate,esg_corpus_dupes
33-UtahvWalsh.md,duplicate,esg_corpus_dupes
36-HarbourAntibodiesBVvTeneobioInc.md,duplicate,esg_corpus_dupes
37-FarnhamvCampariAmericaLLC.md,duplicate,esg_corpus_dupes
37-LoweryvMills.md,duplicate,esg_corpus_dupes
38-LoweryvMills.md,duplicate,esg_corpus_dupes
39-DayvLSICorporation.md,duplicate,esg_corpus_dupes
40-BishopvBrown.md,duplicate,esg_corpus_dupes
41-FalkvWest.md,duplicate,esg_corpus_dupes
42-BhangalvHawaiianElectricIndustriesInc.md,duplicate,esg_corpus_dupes
45-CityPensionFundforFirefightersandPoliceOfficersinCityofTampaBay.md,duplicate,esg_corpus_dupes
45-LoweryvMills.md,duplicate,esg_corpus_dupes
45-SwepiLPvMoraCountyNM.md,duplicate,esg_corpus_dupes
46-LoweryvMills.md,duplicate,esg_corpus_dupes
48-KBCAssetManagementNVvDiscoverFinancialServices.md,duplicate,esg_corpus_dupes
49-BoyervWest.md,duplicate,esg_corpus_dupes
49-KumaranvNorthlandEnergyTradingLLC.md,duplicate,esg_corpus_dupes
51-EireogInnovationsLtdvLenovoGroupLimited.md,duplicate,esg_corpus_dupes
51-LenkvMonolithicPowerSystemsIncorporated.md,duplicate,esg_corpus_dupes
52-SanAntonioFireandPolicePensionFundvDentsplySironaInc.md,duplicate,esg_corpus_dupes
54-WilliamsCompaniesStockholderLitigation.md,duplicate,esg_corpus_dupes
56-GarlandvChildrensPlaceInc.md,duplicate,esg_corpus_dupes
56-InreWellsFargoAndCompanyHiringPracticesDerivativeLitigation.md,duplicate,esg_corpus_dupes
57-SpencevAmericanAirlinesInc.md,duplicate,esg_corpus_dupes
59-LeevFisher.md,duplicate,esg_corpus_dupes
61-HugliSuttervPalmasHospitalityManagementLLC.md,duplicate,esg_corpus_dupes
61-WestvBrown.md,duplicate,esg_corpus_dupes
62-PortervGraftechInternationalLtd.md,duplicate,esg_corpus_dupes
62-WaldnervNatixisInvestmentManagersLP.md,duplicate,esg_corpus_dupes
64-CentripetalNetworksIncvCiscoSystemsInc.md,duplicate,esg_corpus_dupes
71-WilliamPennSchoolDistrictvPennsylvaniaDepartmentofEducation.md,duplicate,esg_corpus_dupes
73-ClarkvWest.md,duplicate,esg_corpus_dupes
75-ESGWattsIncvIllinoisPollutionControlBd.md,duplicate,esg_corpus_dupes
80-PeopleexrelMadiganvIllinoisCommerceComn.md,duplicate,esg_corpus_dupes
82-PeopleexrelMadiganvIllinoisCommerceComn.md,duplicate,esg_corpus_dupes
87-EnigmaSoftwareGroupUSALLCvBleepingComputerLLC.md,duplicate,esg_corpus_dupes
89-ZaryckivBrown.md,duplicate,esg_corpus_dupes
93-InreSolarEdgeTechnologiesIncSecuritiesLitigation.md,duplicate,esg_corpus_dupes
96-PeoplebyJamesvExxonMobilCorporation.md,duplicate,esg_corpus_dupes
97-ESGTechnicalServicesLLCvAdvantageHealthSolutionsInc.md,duplicate,esg_corpus_dupes
